{
"type": "FeatureCollection",
"name": "zone2",
"crs": { "type": "name", "properties": { "name": "urn:ogc:def:crs:OGC:1.3:CRS84" } },
"features": [
{"type":"Feature","properties":{"fid":1,"objectid":159,"seismic_zo":"Seismic Zone-II","intensity_":"Low Intensity Zone","shape_Leng":1230818.2445799999,"shape_Area":94599953425.700012},"geometry":{"type":"MultiPolygon","coordinates":[[[[84.983469390956287,23.759049191888462],[85.217148955706378,23.715234272942613],[85.348593710899763,23.715234272971312],[85.472735979375628,23.678721841019129],[85.6699031135241,23.664116868340791],[85.808650355948487,23.642209409541866],[85.925490138135004,23.620301950183663],[86.071539865898913,23.598394491246573],[86.17377467573445,23.554579572775754],[86.327126890956336,23.488857194611228],[86.473176618934531,23.459647248720589],[86.633831319915856,23.386622385118343],[86.728763643019406,23.320900007500011],[86.787183534132197,23.247875143103215],[86.852905913195585,23.167547792348643],[86.87481337194879,23.036103037225356],[86.947838235959864,22.817028445424338],[86.984350667846769,22.641768770923587],[87.028165586674305,22.51762650252434],[87.028165586303217,22.408089206084629],[87.020863100203769,22.305854395998345],[87.020863100575482,22.167107153531518],[87.028165586873556,21.984544993653458],[87.042770559415317,21.772772887588758],[87.064678018890987,21.648630619354929],[87.128551386121671,21.49481982705877],[87.127227431201007,21.493917308502258],[87.121634496922084,21.489540326422279],[87.120627034475007,21.488661912770944],[87.112620487302834,21.483611021390633],[87.103904734514032,21.474524989344943],[87.09712173826307,21.465020256903422],[87.091296097152906,21.460392968985953],[87.088319342224494,21.458946127320289],[87.081325438979235,21.459494430888295],[87.073525018642584,21.462347089028128],[87.07011870078702,21.462064960041602],[87.069239568769561,21.461182550908667],[87.068396756377723,21.454645458628246],[87.067785963520208,21.445641871033175],[87.065339714764704,21.440769630822945],[87.064714810550512,21.440679199733889],[87.064695124142361,21.440219415848325],[87.062522635471552,21.438156133829345],[87.054961976439529,21.431773200684809],[87.052608471198795,21.428711666933669],[87.041494251990201,21.419709832776306],[87.04097854526448,21.419266378719239],[87.037886937627704,21.417851652135496],[87.035205941575526,21.415924726245141],[87.022736344218032,21.408772624789773],[87.014052318404921,21.403767179902488],[86.996672538240432,21.395073067489438],[86.986540926123425,21.388797574386238],[86.98568384949921,21.388125686027948],[86.981891212629364,21.384872098435789],[86.971672731199476,21.376738634904484],[86.966777209489379,21.373356237841424],[86.960871757210853,21.367049121353968],[86.957353431429809,21.364496390790087],[86.955489229863005,21.360947978535023],[86.954128624014515,21.35976713593141],[86.9514457087583,21.357756083116506],[86.947944504002109,21.35244065991597],[86.947312030676159,21.352009235673208],[86.939377789976874,21.338321066031899],[86.937663498402159,21.334334918948187],[86.935530030724649,21.33107058795947],[86.931188489691891,21.322741916093012],[86.930192549488723,21.320067725404442],[86.929714785835259,21.319864021016258],[86.928381368513769,21.316472926419344],[86.923414219437376,21.306977637195132],[86.913953253638354,21.292757974007756],[86.911815737412027,21.288922479560707],[86.909234476847644,21.28543443385416],[86.901490388373489,21.269778825726256],[86.899206286870225,21.266509626409352],[86.895003951820499,21.25784474381603],[86.893695989319582,21.255852710928846],[86.893016712288428,21.254513527371177],[86.890131589282916,21.251393901765407],[86.889732354136953,21.250523237424662],[86.888241977016861,21.2486109361183],[86.887400941243186,21.248029952501447],[86.88396393527006,21.245628792742547],[86.877090300108378,21.238467891294988],[86.865605362395073,21.221789528090806],[86.862686490050024,21.212418333912826],[86.861170248286328,21.20885807777687],[86.860827704344601,21.208316381876426],[86.859042672512103,21.206009728466249],[86.855239954707756,21.199465519398181],[86.853920089553569,21.196653936359002],[86.853660767603856,21.196295018323479],[86.852575438724728,21.194783126185627],[86.850278330444723,21.189416050981638],[86.849310297429994,21.187228637243948],[86.845435644297368,21.173120105062729],[86.84355712174343,21.161509160509119],[86.843148729495525,21.156944960103214],[86.843297935681463,21.156507494460751],[86.843575466904781,21.155799381926752],[86.844284569081807,21.151006908191892],[86.844917795059104,21.135373597945588],[86.845354925235796,21.134430205942412],[86.846974147142276,21.124564483280352],[86.848469899706302,21.118476533812185],[86.853359667651702,21.102879480767886],[86.85420129513335,21.095828916538583],[86.854649478524351,21.095575837427912],[86.85480050173426,21.093756602099877],[86.858906647795948,21.088809025345654],[86.858877902232607,21.088349777647775],[86.859588459993404,21.087856726881377],[86.86040777335802,21.081046674713182],[86.863935965610892,21.069801924631296],[86.865297922215333,21.068155285107377],[86.865746030722292,21.067902176326179],[86.867258882953593,21.064438612343647],[86.867440144138243,21.063299658390566],[86.868569083122608,21.061891617763322],[86.869047950823102,21.061664745296593],[86.872005086254518,21.053992317252213],[86.873010282399605,21.050773065869464],[86.873725090510476,21.049895189387495],[86.87490150585208,21.044876517924649],[86.875116914743572,21.043736002001832],[86.875584486751833,21.043481971598094],[86.875758472509929,21.042582854028044],[86.878319689188245,21.040420535944968],[86.878480260845535,21.039264121531922],[86.878646677142328,21.038125850889958],[86.880496700729068,21.036251725788087],[86.881124037469007,21.03463866346474],[86.882421835179201,21.031864196501548],[86.884739703857164,21.029745198899509],[86.884899727048548,21.02857956492608],[86.885844237471815,21.027877618416507],[86.885820302767897,21.027418172612865],[86.888585323253395,21.025034520058352],[86.889370681179017,21.021373925310616],[86.891429417272064,21.01946480471258],[86.892465537794394,21.016476606676115],[86.894548642379675,21.014566286054158],[86.896241506140143,21.010442562996708],[86.898335091593168,21.008736684515632],[86.9015344882975,21.000686564723143],[86.902006749520382,21.000432273019364],[86.903504946931761,20.997190163067721],[86.904308003451689,20.996602854698072],[86.905117534466541,20.995764244720675],[86.905539464544646,20.994452991861348],[86.907132939202299,20.990315350670947],[86.910019450085045,20.982302550389026],[86.911447087644362,20.978280772325814],[86.912137262354221,20.977788418244163],[86.912325618210275,20.976888588356765],[86.914341131272721,20.974078514493637],[86.915248598434587,20.973147812005404],[86.919286376652948,20.962134439419515],[86.920171330320272,20.961149518079452],[86.921531507240601,20.959502467757975],[86.924747431641293,20.951911843656909],[86.925914384264814,20.951164816203114],[86.927454293396394,20.946962746851927],[86.927926313127514,20.946708384336354],[86.929963387789726,20.941237604334937],[86.930673010338793,20.940746569455342],[86.932563482151849,20.937626569431892],[86.933401667989258,20.936689804443656],[86.934586619495505,20.935168195982804],[86.934816067297518,20.933934922074911],[86.934974892741806,20.933130841777924],[86.935681831407692,20.930813944327557],[86.936611883453907,20.929854462735531],[86.937064757449363,20.929610162565389],[86.938084699070586,20.926159712941857],[86.939496194691358,20.925221684436732],[86.939899524226604,20.923846771183655],[86.940288024366311,20.922470244313956],[86.948043803933004,20.913727127837088],[86.950236440732652,20.907977244213722],[86.95113545621777,20.906804989486687],[86.953670180689542,20.897405760961224],[86.957329328336471,20.893832717079384],[86.958238827423116,20.892210937883299],[86.958883918247423,20.890873130724689],[86.963677686924626,20.886333118737358],[86.965156349482243,20.882400728732854],[86.969507346154629,20.877929486980531],[86.972316752161746,20.871918108406849],[86.972793303447688,20.871663392719448],[86.973265449606515,20.871418047466225],[86.975298703086509,20.864537909465412],[86.97850343287972,20.861201959571062],[86.978695531525773,20.860292723135551],[86.979142721912808,20.860039355245224],[86.980972947180959,20.853405775201995],[86.981211126108093,20.849098226444141],[86.980795737011306,20.8393666300604],[86.980049825233664,20.822437002627424],[86.978047389320849,20.812047437653625],[86.977697761223027,20.810060663403664],[86.975289734600594,20.800238041622144],[86.975048671625288,20.798451094898816],[86.974182293701986,20.793067102152953],[86.970478205728185,20.790888891194644],[86.967992545664686,20.791948552073872],[86.966092520044839,20.791109128835537],[86.9649056624895,20.78958493863993],[86.958724152377656,20.787220071203045],[86.955412233668312,20.788490610833581],[86.952792897510278,20.788310696283393],[86.949607513938659,20.788727966301305],[86.941893069594713,20.79204666688285],[86.928302015256236,20.790406128576482],[86.925770905993829,20.790976799451204],[86.915009452994525,20.793253958817328],[86.908742480410908,20.793082821160571],[86.90338567898894,20.791960042002533],[86.896792387202197,20.792102732191236],[86.892116935713986,20.792495325064134],[86.885209836296553,20.794136941787325],[86.883327642699186,20.795137500394336],[86.883886734596558,20.796472461383349],[86.882987836897129,20.801222001005335],[86.882320124997932,20.808065238457296],[86.881874664206919,20.808539272636001],[86.879925975719019,20.808170662424523],[86.875918165276232,20.805400896959213],[86.875021897464535,20.797100793282137],[86.871740951983114,20.793609219626656],[86.870009134662055,20.792790795221382],[86.866306903462231,20.791650636972918],[86.861224034586002,20.790702597833246],[86.856798546620297,20.788830993144824],[86.849874234432562,20.783044700909379],[86.849235104948065,20.78195275421773],[86.833359269313846,20.775688390364397],[86.743368617400449,20.786937221881423],[86.655738780576954,20.801542194661771],[86.568108942529278,20.808844680909139],[86.363639323249785,20.852659599478155],[86.24679954042729,20.859962085928821],[86.064237380944519,20.903777004242304],[85.845162788064059,20.962196895659559],[85.604180736812935,21.057129218816645],[85.385106143893992,21.108246624255852],[85.136821605882204,21.166666515505192],[84.866629608441585,21.239691379180062],[84.552622693400792,21.349228675417979],[84.333548100527835,21.44416099876668],[84.165590912952055,21.582908240392278],[83.983028752555697,21.758167914373384],[83.844281510299695,21.853100237764881],[83.712836755502224,21.91882261530667],[83.588694486217818,22.079477316189315],[83.508367135983605,22.218224557917086],[83.406132325373946,22.364274286285781],[83.318502488570431,22.53223147319294],[83.238175138006994,22.685583688289181],[83.157847787153614,22.8097259571928],[83.157847787741602,22.933868226847153],[83.187057732878955,23.079917954939898],[83.274687570373288,23.233270169614581],[83.362317406760013,23.350109952431474],[83.479157189833955,23.466949734303746],[83.625206917929603,23.620301949559746],[83.793164104601459,23.693326813517189],[83.858886482990044,23.737141731724375],[83.975726265480318,23.759049191229568],[84.085263562093402,23.759049191318642],[84.224010804187358,23.759049190775581],[84.428480422958927,23.75904919107219],[84.538017720072517,23.759049191508439],[84.749789825732876,23.759049191970313],[84.983469390956287,23.759049191888462]]],[[[86.881354131082958,20.773014369456206],[86.860208399987314,20.772332249376806],[86.857330020190645,20.772692046539497],[86.863209910295183,20.773943234753293],[86.871115289276986,20.77410089762061],[86.881234572134886,20.773051308012018],[86.881354131082958,20.773014369456206]]],[[[70.246805184158276,22.691804887138183],[70.246805184320806,22.691526414515309],[70.247362129861372,22.691530228977292],[70.247362129827494,22.691251756438593],[70.247644417669107,22.691251756573024],[70.247644417668695,22.689859391626914],[70.247915260684351,22.689863206125096],[70.247915261298445,22.689306260590101],[70.247362129714531,22.689310075338629],[70.247362130053105,22.68904304626292],[70.246805183598838,22.689043046411413],[70.246805183506225,22.688753129780196],[70.247362129715327,22.688753129695392],[70.247362129352041,22.68859291186606],[70.247362129330682,22.688192368764351],[70.246805183899951,22.688196184093009],[70.246805184131119,22.68791771082147],[70.245973579681248,22.68792152531114],[70.245973579635347,22.687643052851282],[70.245695106744009,22.68764305277136],[70.245695107186563,22.687921525294882],[70.245409004893318,22.687921525743672],[70.245409005134007,22.687082291947064],[70.24485968855798,22.687086107110996],[70.244859687983777,22.686807633604186],[70.244310372408535,22.686811448617497],[70.244310371613835,22.687360764975494],[70.244028084764068,22.687360764626494],[70.244028084765162,22.686811448141132],[70.243471138597101,22.686807633958619],[70.243471138262009,22.687086106674329],[70.243196480559362,22.687086106592727],[70.243196480489587,22.68680763381332],[70.242639534788765,22.686811448238647],[70.242639534092447,22.687643052379286],[70.243753426109635,22.68764305269795],[70.243753426375818,22.687921525476295],[70.244028084418233,22.687917710952803],[70.244028084279563,22.688196183687982],[70.244310371943271,22.688196183973297],[70.244310372405891,22.688474656729387],[70.242921821866972,22.688474656817348],[70.242921822382243,22.688196183933876],[70.242082589140452,22.688192368665501],[70.242082589137937,22.689310075350654],[70.241807930293106,22.689306260395348],[70.241807930374875,22.689584733553087],[70.242361062131664,22.689584733093152],[70.242361061793019,22.689306260917665],[70.242639534748122,22.689306260427806],[70.242639534494799,22.689863206509234],[70.243196480591948,22.689863206625478],[70.243196480522187,22.689584733638078],[70.243471138524725,22.689584733401102],[70.243471138892247,22.690694809974442],[70.243753425731569,22.690690995539125],[70.243753426612869,22.691251756028556],[70.244310372342881,22.691251756269448],[70.244310371815672,22.691530229190306],[70.245141975460399,22.691530229321707],[70.245141976196052,22.691251756528267],[70.245695107115608,22.69125175633625],[70.245695107383739,22.690793992506965],[70.245695106883517,22.690690995501676],[70.245973579682982,22.690694810509537],[70.245973579637095,22.690416337842152],[70.246248238053582,22.690416337110722],[70.246248238256911,22.6909732833211],[70.246530526263072,22.690969468378917],[70.246530525876736,22.691251756334598],[70.246248237897873,22.691251755966352],[70.24624823774819,22.691804886926583],[70.246805184158276,22.691804887138183]]],[[[70.244025993253217,22.720139001355626],[70.244025993082602,22.71902000098796],[70.24430799270273,22.719030001457259],[70.244307993404902,22.717637001080522],[70.244583993257351,22.717639001059233],[70.244583993067138,22.717081001101647],[70.244857993066375,22.7170830012031],[70.244857993412325,22.716527001418573],[70.24513999268892,22.716529001650144],[70.245139992477775,22.715691001767485],[70.245695992929356,22.715695001364523],[70.245695992749589,22.715139001053604],[70.245971993340362,22.715139001682136],[70.245971992663513,22.71486100155688],[70.246245993096409,22.714861001344456],[70.24624599307981,22.714581001339191],[70.246527992992341,22.714583001147954],[70.246527993347414,22.713195001525374],[70.246245993206145,22.713195001489424],[70.246245992936565,22.712917001568986],[70.245971993094173,22.71292100151647],[70.245971992674441,22.712641001589351],[70.245695993329335,22.712641001624636],[70.245695992847331,22.712080001327749],[70.245413992629949,22.712083000941224],[70.245413993139849,22.711805001038016],[70.245139993046251,22.711812001595749],[70.245139992830119,22.712361001158246],[70.24346999315695,22.712361001776788],[70.243469993153326,22.713195001641708],[70.243751992419931,22.713190001745179],[70.243751992841339,22.716810001193579],[70.243469992478296,22.716810001105173],[70.243469992968727,22.719310001424244],[70.243186993298707,22.719310001463882],[70.243186993331918,22.720139001607347],[70.244025993253217,22.720139001355626]]],[[[70.215971992821508,22.646811001327389],[70.215971992773532,22.646530000940313],[70.21624799283623,22.646530001218686],[70.216247992794493,22.646250001340359],[70.21708599286201,22.646250001519054],[70.217085993005185,22.645970001790563],[70.217361992806744,22.645970001025752],[70.217361993185762,22.646250001672716],[70.217917992924455,22.646250001108477],[70.217917993265388,22.645970001507759],[70.218193993237023,22.645972001057537],[70.218193993421011,22.645416000983829],[70.218466992624982,22.645420001132486],[70.218466993315545,22.644862001283233],[70.218749993412416,22.644862001432511],[70.218749993030286,22.644582001086761],[70.21958199300677,22.64458400143257],[70.219581993151252,22.644306001226081],[70.219854992842627,22.644310001824149],[70.219854993303713,22.643741001310488],[70.220137992815921,22.643750001151442],[70.220137992768045,22.643472001074237],[70.220969992719645,22.643472001681165],[70.220969992882246,22.643194001753518],[70.219305993134768,22.643194001298564],[70.219305992876485,22.642916001137309],[70.219016993175501,22.64292000117085],[70.219016992508912,22.642362001779571],[70.219305992615674,22.642362001787333],[70.219305993389042,22.642081001345737],[70.219581992588303,22.642084001138866],[70.219581993350658,22.641252001162112],[70.219854992996218,22.641252001309741],[70.2198549932464,22.640969001032722],[70.220137992966215,22.640971001848129],[70.220137992987119,22.640693001071092],[70.220413993113368,22.640693001034126],[70.220413992885852,22.640140000936096],[70.220137992868274,22.640140001827689],[70.220137993253573,22.640420001629966],[70.219864993101353,22.640418000957858],[70.21986499252948,22.640693001304715],[70.217917993245123,22.640680001323364],[70.21791799312372,22.641810001799488],[70.218177992995933,22.641810001007787],[70.218177993196676,22.64264200175462],[70.217361992496834,22.64264200123397],[70.217361993038523,22.6423620018546],[70.217085993004034,22.642362001189955],[70.21708599254147,22.642081001283589],[70.216803993393043,22.642084001764328],[70.216803992793785,22.643194001730247],[70.217085993346146,22.643191001184725],[70.217085992978042,22.645140001641362],[70.216796993383809,22.645140001527864],[70.216796992621894,22.645420001190807],[70.215415993179434,22.645416001012265],[70.215415993153698,22.645694000962287],[70.215691993230536,22.645692001470593],[70.215697992675175,22.646811001416495],[70.215971992821508,22.646811001327389]]],[[[72.544408108886842,21.756367433264067],[72.544385672949858,21.75483229274074],[72.54432634650378,21.75201697089248],[72.544171967707825,21.749912828879911],[72.544028993660348,21.748994782564591],[72.544028993692649,21.749309999250166],[72.543746994473466,21.749304999324604],[72.543746993767869,21.74958300009996],[72.543472994412653,21.749581000130711],[72.543472994531811,21.750142000016435],[72.543196993732934,21.750139000110931],[72.543196994044507,21.750692999428534],[72.542914994352046,21.750692999828544],[72.542914993903167,21.754583999906874],[72.543196994387785,21.754579000124806],[72.543196994418651,21.755139999771508],[72.543472994263794,21.755140000082001],[72.543472993774159,21.755977999810415],[72.544028994623858,21.755977999492607],[72.54402899436262,21.757359999822878],[72.544083151054679,21.757359999380924],[72.544140618391936,21.757223483372393],[72.544408108886842,21.756367433264067]]],[[[70.242637993167136,22.684583001202476],[70.242637992788033,22.684305001049719],[70.243751992707061,22.684311001747805],[70.243751993191424,22.683202001569828],[70.243469992717309,22.683202001423524],[70.24346999327993,22.682361001448655],[70.242919992514516,22.682361001540059],[70.242919992874462,22.682921001404598],[70.24319399298426,22.682917001824045],[70.243193993137368,22.683473001750713],[70.242919992960083,22.683470001056836],[70.242919992458908,22.68375100146369],[70.242347993339763,22.683751001569007],[70.242347993427288,22.682921001255085],[70.241805993427164,22.682921001156579],[70.241805992746961,22.682080001399701],[70.241249993096758,22.682082001415306],[70.24124999336361,22.682361001106194],[70.240134993206183,22.682361001395293],[70.240134993339041,22.682082001576958],[70.239858993067216,22.68208200155804],[70.239858992658228,22.681804001211027],[70.239302992971872,22.681804001434642],[70.239302993188403,22.682082001845345],[70.239029992839676,22.682080001541948],[70.239029992674162,22.683202001483878],[70.23874699325674,22.683195001718179],[70.238746993349636,22.683473001378832],[70.239029993205705,22.683470001280739],[70.239029993320955,22.683751001342582],[70.239601993332812,22.683751001796431],[70.239601992909456,22.684031001319095],[70.240141993022121,22.684031001135004],[70.240141993278911,22.683751001676132],[70.240417993046137,22.683751001844183],[70.240417992985812,22.683470001055056],[70.240690993420642,22.683470001480458],[70.240690993006993,22.684031001601092],[70.240966993296624,22.684031001689721],[70.240966992827069,22.684311001042385],[70.242081993188151,22.684305001064839],[70.242081993374768,22.684583001281311],[70.242637993167136,22.684583001202476]]],[[[70.235694993310119,22.684583001545413],[70.235694992778022,22.684305001355121],[70.235968992940414,22.684311001563771],[70.235968993225754,22.684031001509993],[70.235685993318796,22.684031001097246],[70.235685993220372,22.68375100100091],[70.236540993426047,22.683751001458511],[70.236526993225226,22.683473001479168],[70.237082992777559,22.683473001726043],[70.23708299332219,22.683195000955653],[70.238470993121339,22.683202001542625],[70.23847099303859,22.682361001301935],[70.23819799259644,22.682361001349971],[70.238197992903494,22.682082001276701],[70.237639992484588,22.682082001394704],[70.237639992966379,22.682361001595474],[70.23735699292105,22.682361001286758],[70.237356992638823,22.682641001022777],[70.235419993189026,22.682641000950486],[70.235419992601734,22.682361001814225],[70.235136993271453,22.682361001105392],[70.235136992763159,22.683202001766318],[70.234863993122175,22.683202001522034],[70.234863992499001,22.68403100170606],[70.234580993444453,22.68403100113451],[70.234580993156044,22.684311001379541],[70.234863993176745,22.684305001125448],[70.234863992931622,22.684583001379515],[70.235694993310119,22.684583001545413]]],[[[72.564418014657164,21.812939688835289],[72.56386347660569,21.812094166330869],[72.563438356077583,21.810897076598852],[72.562786158895037,21.809842189610983],[72.561973036616138,21.808728224346929],[72.561642728983998,21.807791486382047],[72.561188785446461,21.807104324192164],[72.560562371883137,21.806562054506198],[72.560142994536832,21.806126716854614],[72.560142994073857,21.806529999272534],[72.560415993983412,21.806529999523242],[72.560415994633104,21.807089999447523],[72.560691994092778,21.807089999716244],[72.560691994360212,21.807639999648071],[72.560964994552492,21.807639999727414],[72.560964994586143,21.808199999839303],[72.561247994019283,21.808199999724806],[72.561247993658284,21.808749999838231],[72.561530994222451,21.808750000112031],[72.561530993764464,21.809309999492299],[72.56180599432534,21.809305999779337],[72.561805993861157,21.809583999473357],[72.562079993838552,21.809583999664973],[72.56207999368354,21.810138000061531],[72.56236299452604,21.810130999499279],[72.562362994630604,21.810419999387744],[72.562637993786268,21.810417999835018],[72.562637994064318,21.810971999462726],[72.562911993849895,21.810968999806651],[72.562911994029164,21.811529999603355],[72.563187993684579,21.811529999464696],[72.563187994521329,21.811809999429169],[72.563467994330523,21.811805999741267],[72.563467994425267,21.812083999661681],[72.563750994608355,21.812078999959219],[72.563750994361627,21.812359999903101],[72.564025993872193,21.812359999499726],[72.564025994191226,21.812919999476421],[72.564308993821925,21.812915999541691],[72.564308994612773,21.813471999608172],[72.564581993694844,21.813471999864539],[72.564581994545549,21.813751999974112],[72.564759281971774,21.813751999702184],[72.564418014657164,21.812939688835289]]],[[[72.255980993700263,21.756678389110807],[72.258232463078301,21.75232145178451],[72.258339826743224,21.751250591093743],[72.258193994475121,21.751248999695267],[72.258193993668698,21.752082999428001],[72.257919993688816,21.75208299978928],[72.257919994188981,21.752360999240452],[72.257637993616612,21.7523610000278],[72.257637994572264,21.753195999717978],[72.257361994574538,21.753191000093299],[72.257361993838543,21.7537489996011],[72.257078993716277,21.753748999748677],[72.257078994348589,21.754029999840149],[72.256529993798253,21.754028000119565],[72.256529994313766,21.754306000021273],[72.256249994431045,21.754305999858097],[72.256249994355088,21.754583999802435],[72.25652999429262,21.754578999458353],[72.256529993892642,21.755139999881276],[72.256249994203188,21.755139999819207],[72.256249993747389,21.755420000065115],[72.255980994140799,21.755419999853043],[72.255980994150534,21.755699999273762],[72.255690993969026,21.755699999498603],[72.25569099369612,21.755977999707493],[72.255980994490159,21.755977999482653],[72.255980993700263,21.756678389110807]]],[[[72.260413994439361,21.746207720402982],[72.261507009150463,21.744039163812964],[72.261251994161199,21.744028999754708],[72.261251994024917,21.744304999237379],[72.261137993842837,21.74430499929122],[72.260971994208646,21.74430499937727],[72.260971994058934,21.744860999813209],[72.260695994107806,21.744858999238559],[72.260695993836194,21.745140999435879],[72.26041399456409,21.74513899989887],[72.260413994439361,21.746207720402982]]],[[[69.817092992698676,22.852565217233298],[69.817092993239143,22.852359002776424],[69.816803992819644,22.852361002408546],[69.816803992824447,22.852083002388156],[69.815836406724628,22.852081016483417],[69.817092992698676,22.852565217233298]]],[[[72.255417994157582,21.757767831302065],[72.255913462193035,21.75680906860277],[72.255690994042439,21.756806000064955],[72.255690993823663,21.757083999524543],[72.255417994573648,21.757083999380196],[72.255417994157582,21.757767831302065]]],[[[72.254302993758344,21.759992088183868],[72.254776204247477,21.759041999648097],[72.254592993906314,21.759041999385278],[72.254592994612494,21.759310999382294],[72.254302994182254,21.759311000099707],[72.254302993758344,21.759992088183868]]],[[[72.261792407942067,21.743472915575669],[72.26152799367776,21.743470999881264],[72.261527993811953,21.743997528232121],[72.261585907487188,21.743882624325341],[72.261792407942067,21.743472915575669]]],[[[72.249494073589531,21.774026999807521],[72.249304994008796,21.774026999265704],[72.249309162856363,21.774413298373275],[72.249477248687569,21.774063780959853],[72.249494073589531,21.774026999807521]]],[[[69.821250992858381,22.854210919581668],[69.821250992635299,22.854030002626772],[69.820854397459271,22.854030003138661],[69.821250992858381,22.854210919581668]]],[[[72.249748399750771,21.773470999905381],[72.249580993847943,21.77347099997651],[72.249580994072602,21.773836977249164],[72.249748399750771,21.773470999905381]]],[[[72.556122151994956,21.80069192068461],[72.555969994097083,21.800335717400646],[72.55596999398027,21.800692999837796],[72.556122151994956,21.80069192068461]]],[[[72.261932481429639,21.743194999361275],[72.26180399394012,21.743194999618726],[72.261803993758008,21.743449927939277],[72.261932481429639,21.743194999361275]]],[[[72.547652998812012,21.769618384872604],[72.547636994377768,21.769550913718614],[72.547636994087924,21.769860999926284],[72.547748399039207,21.76986099949875],[72.547652998812012,21.769618384872604]]],[[[72.557487302715458,21.803192999493071],[72.557357993859867,21.802949002920482],[72.557357994432664,21.803193000091348],[72.557487302715458,21.803192999493071]]],[[[72.573066858675034,22.192081854051278],[72.572914994627808,22.191899494769565],[72.572914995135008,22.192084000358353],[72.573066858675034,22.192081854051278]]],[[[72.567222672962671,22.185140000479223],[72.567093994892588,22.184930797724896],[72.567093995382464,22.185140000875233],[72.567222672962671,22.185140000479223]]],[[[69.82290799288333,22.854966781129797],[69.8229079927263,22.854859002046567],[69.822671716132703,22.854859002474065],[69.82290799288333,22.854966781129797]]],[[[72.564406461753109,22.180918838440402],[72.56430899487097,22.180786981010304],[72.564308995329711,22.180973000895136],[72.564430915851872,22.180972107406909],[72.564431378253573,22.180972104344235],[72.564425849525108,22.180960286423019],[72.564406461753109,22.180918838440402]]],[[[72.561675847518913,22.17680831318658],[72.561530994659719,22.17664825611762],[72.561530995042773,22.17681200076936],[72.561675847518913,22.17680831318658]]],[[[72.567734430283835,22.185972000614921],[72.567642995189971,22.18582334940556],[72.567642994858645,22.185972000216342],[72.567734430283835,22.185972000614921]]],[[[72.249093856836041,21.774860999820184],[72.249031994371919,21.774860999786913],[72.249031994406565,21.774989635139882],[72.249093856836041,21.774860999820184]]],[[[72.254921639406973,21.758749999759655],[72.254858994316123,21.758749999289407],[72.254858993678255,21.758875776674266],[72.254921639406973,21.758749999759655]]],[[[72.255200522825376,21.75819005982445],[72.25514199385421,21.758188999938202],[72.255141994432876,21.758307574779895],[72.255200522825376,21.75819005982445]]],[[[72.563825142443747,22.18013900083276],[72.56375099507234,22.180046627449112],[72.563750995403751,22.18013900040021],[72.563825142443747,22.18013900083276]]],[[[72.568828502836453,22.187642000567507],[72.568748994867221,22.187559701743794],[72.568748994683588,22.187642001013955],[72.568828502836453,22.187642000567507]]],[[[72.568255632605087,22.186809105737897],[72.56819299504636,22.186708700771867],[72.56819299526876,22.186810000839586],[72.568255632605087,22.186809105737897]]],[[[72.559102307358174,21.805138999958455],[72.559027994468082,21.805054768733704],[72.559027994461815,21.805138999791463],[72.559102307358174,21.805138999958455]]],[[[72.559377547623825,21.805418700203042],[72.559303993961763,21.805356166669053],[72.559303994019828,21.805419999420923],[72.559377547623825,21.805418700203042]]],[[[72.573531668481223,22.19264000056226],[72.573470995382237,22.192567143775932],[72.573470994613345,22.192640000720864],[72.573531668481223,22.19264000056226]]],[[[72.569361781033905,22.188194000519889],[72.569304995187125,22.18813522140124],[72.569304995194685,22.188194001071757],[72.569361781033905,22.188194000519889]]],[[[72.56739475030119,22.185419761143674],[72.567360995116076,22.185364882059488],[72.567360994921259,22.185420001102536],[72.56739475030119,22.185419761143674]]],[[[72.564876023088971,21.814029872006333],[72.564857994440302,21.813986959316168],[72.564857993864024,21.814029999359153],[72.564876023088971,21.814029872006333]]],[[[72.557663909304054,21.803472820898975],[72.557639994490174,21.803441079533375],[72.55763999439948,21.803472999576829],[72.557663909304054,21.803472820898975]]],[[[72.566288102553841,22.183749000268758],[72.566245995069082,22.18373261508944],[72.566245995366316,22.183749000648955],[72.566288102553841,22.183749000268758]]],[[[72.554596004771156,21.797639000165475],[72.554581994466062,21.797612204740549],[72.554581993769787,21.797638999317819],[72.554596004771156,21.797639000165475]]],[[[72.263194981319629,21.7406900523393],[72.263191994094399,21.740689999401951],[72.263191994460897,21.740695979656323],[72.263194981319629,21.7406900523393]]]]}},
{"type":"Feature","properties":{"fid":2,"objectid":169,"seismic_zo":"Seismic Zone-II","intensity_":"Low Intensity Zone","shape_Leng":3259666.4474599999,"shape_Area":440664617213.0},"geometry":{"type":"MultiPolygon","coordinates":[[[[73.096474753563839,29.253291613693232],[73.098710316301791,29.256737176911098],[73.10490499442939,29.268704463446994],[73.107997807217671,29.275478941087989],[73.115956809551747,29.285677195692479],[73.116445687177816,29.287606195711408],[73.118749512235183,29.292268631980054],[73.120453450213617,29.295070665885653],[73.121241833028861,29.295618135295456],[73.12178427553458,29.296494468771098],[73.121789911787317,29.297613828200063],[73.143675839306098,29.33221825802158],[73.146244008154085,29.338326607516876],[73.153578179997695,29.352787467475729],[73.157745802776745,29.360137511074235],[73.16414440221476,29.370696071790732],[73.175828312882032,29.388852447550867],[73.176650385083732,29.390414408362407],[73.177878955737953,29.392296241406598],[73.198238205862893,29.43141107318414],[73.209356391444317,29.444719622093178],[73.228745087059508,29.482230842142616],[73.23028537902178,29.483143846576059],[73.230922630000137,29.484802856815897],[73.234644373047132,29.489411206221273],[73.235306937920754,29.491135426384673],[73.239582059673936,29.49578980099399],[73.245288675990039,29.508893958886432],[73.250176387962938,29.515251517099429],[73.254828364030658,29.523625248209779],[73.26943797519462,29.543954008310934],[73.270728476424594,29.545905863136909],[73.278670947894582,29.559696718754221],[73.282265134839761,29.569404486511775],[73.291371561811218,29.600422700133461],[73.293452324282882,29.607380300067408],[73.305170980722991,29.636294744839844],[73.319723327994012,29.688976990817395],[73.320277478297939,29.690370239387772],[73.322486277136932,29.694205928122084],[73.322943297260579,29.69574638850882],[73.323783483990283,29.697238508782394],[73.325055127191263,29.701709000875802],[73.333268372703685,29.730493319097672],[73.334504315687283,29.733843821283166],[73.335538407613484,29.7349634496519],[73.341537457064277,29.752454740563014],[73.343606634679034,29.760352927723559],[73.34823802343233,29.771619083180585],[73.3536580971316,29.794825898270979],[73.357581713875547,29.807949508808228],[73.362352144045019,29.820392681787176],[73.366788706438541,29.838933483563778],[73.373956400431226,29.85563841244408],[73.379655275105378,29.876803811321647],[73.393720189160661,29.928836734157397],[73.399711385497682,29.94068869790291],[73.407619751348363,29.946205678909205],[73.430339790816376,29.955819501188913],[73.433371157229232,29.956872477808137],[73.450721060505671,29.963388525978015],[73.483656906217107,29.976993868098393],[73.509087255853728,29.984121663162014],[73.515104116955754,29.986794961994519],[73.527271325663804,29.99221946511069],[73.54851873271987,29.997794682971286],[73.570480596491848,30.007988773285028],[73.588316305257194,30.014031859340154],[73.608265735170548,30.020797484759488],[73.619980831144659,30.024630289254709],[73.662281811226293,30.033303587164042],[73.680793744564369,30.038986829091169],[73.687355988764779,30.041001341465982],[73.71812983580422,30.049081151649514],[73.76303746062186,30.058373116395462],[73.796337389172649,30.068146424775581],[73.803211736396193,30.071390480839558],[73.809610449878164,30.078114107128602],[73.815483281808866,30.084212949394715],[73.846968084825505,30.110355713472007],[73.857702347466486,30.117717537806286],[73.863613293452161,30.121878810640986],[73.881925094853685,30.133893104948573],[73.892869324467625,30.140399330301744],[73.90490684005465,30.150942309572798],[73.913342546439949,30.156514742309437],[73.932967908529733,30.169381622919474],[73.96749258875532,30.187167672846087],[73.975912239041804,30.19643408188022],[73.974242571883693,30.225885633911638],[73.973560611098932,30.232236050776578],[73.973507326841101,30.232728359878504],[73.97083018039288,30.242656877351685],[73.969563041102219,30.256642267765425],[73.968794490628198,30.25709881042733],[73.967561369852305,30.2631765870176],[73.965467658961146,30.264522064718932],[73.964151199163865,30.267690497573234],[73.961784595877361,30.269488000356716],[73.961271246707071,30.271500901899735],[73.960444058432685,30.272074211071615],[73.959175970126395,30.272873668517281],[73.958444723354447,30.275345276692669],[73.957677369232798,30.275774355205904],[73.957066369635854,30.276241271314898],[73.954242722749157,30.283380756795925],[73.953709184406094,30.283612550412869],[73.953053699362499,30.28652164765219],[73.952043114255218,30.287760831087457],[73.951009750530702,30.288395037656414],[73.950996646290591,30.289085607601372],[73.950207910304584,30.28951841955606],[73.946761746218655,30.297924898142238],[73.946100581050743,30.298495156387887],[73.944121929191937,30.304631443352431],[73.94286972145531,30.305367258105331],[73.941879172989033,30.306941150837503],[73.941167394992789,30.30815932396192],[73.936653356112913,30.3109561417991],[73.936410601996883,30.311596901716452],[73.935879762494153,30.311824193111356],[73.935216248713772,30.312279891874773],[73.93391350310695,30.315677111491642],[73.932851273668277,30.316566405496097],[73.932321541544709,30.316770819936075],[73.929967559158698,30.321734926256099],[73.929433805523558,30.321966658679674],[73.928900732379006,30.322184656492752],[73.928088361477748,30.324890804142917],[73.926017851523227,30.326694131818538],[73.925731890386672,30.328944038721282],[73.924161928346507,30.329855418959273],[73.924025789770255,30.33031250478053],[73.922854672549562,30.332538404799418],[73.922053851653956,30.332993468944952],[73.921015043539924,30.333673011677963],[73.918368170722005,30.33841077115741],[73.917325976810474,30.338838472380072],[73.91629275247675,30.339298516375266],[73.916291565855829,30.339957449556941],[73.915511094443957,30.341538922959788],[73.914720754140447,30.341994375777183],[73.914444794222433,30.3426612628298],[73.913124281200822,30.343115126206829],[73.91078264484706,30.344683800977389],[73.909625396038621,30.346676720920236],[73.90935647090987,30.34757267233276],[73.908587124829154,30.348028841849668],[73.907631460869069,30.348729697132015],[73.90711524768686,30.350774077141086],[73.89548409695881,30.356249254508313],[73.890519432006926,30.358977362599941],[73.890277942308671,30.359585997435389],[73.888580277985511,30.360821651639913],[73.88539688806604,30.362641968575836],[73.88537470076821,30.36535002841595],[73.886429726095557,30.365357702377583],[73.893921122329729,30.371043536976572],[73.908458650481379,30.378315721397087],[73.913356751305599,30.381693177823028],[73.917773399464821,30.385363494051543],[73.918788358407426,30.386284596136885],[73.921196187847485,30.390131245177322],[73.922282128403296,30.392702132938542],[73.923543047375574,30.393774186018238],[73.924652032163323,30.394717038957456],[73.924645097407605,30.39517432380233],[73.925172852224719,30.39517576981023],[73.928836414008984,30.398085464134962],[73.938980502341408,30.402197771238725],[73.93943059242433,30.402594324601406],[73.941164301952952,30.404301535478481],[73.942791638064008,30.406398229397681],[73.94849020818269,30.411451271400455],[73.953725460052539,30.415370418301535],[73.958130060346846,30.417885230305934],[73.968649980456576,30.413485990794548],[74.01992536005713,30.390178999373322],[74.145783111164377,30.329580823641201],[74.211042684736356,30.273644045398285],[74.266979462661368,30.231691461780393],[74.33223903760782,30.203723072849517],[74.388175815655416,30.189738878517584],[74.458096788691378,30.157109090809094],[74.542001955517051,30.119817905695779],[74.686505298530591,30.059219729814981],[74.75642627155554,30.02658994122551],[74.914913808944164,29.947346172505828],[74.975511984736499,29.914716385269259],[75.166629309890496,29.844795412456612],[75.222566087736922,29.821488422042552],[75.306471255257208,29.770213042520048],[75.367069431543285,29.746906051205155],[75.427667607579892,29.714276264018839],[75.618784932887024,29.588418513584998],[75.80057946171317,29.434592373471098],[75.898468823256962,29.369332799717949],[75.982373990354191,29.299411826957687],[76.042972166542455,29.248136447004615],[76.131538731316638,29.164231280401612],[76.210782500476384,29.066341918040781],[76.262057879903963,28.973113954680684],[76.308671861794934,28.879885991499233],[76.331978852376835,28.809965019009574],[76.331978852369417,28.716737055553864],[76.331978852660114,28.604863499780063],[76.285364871162457,28.53028112921054],[76.257396481792767,28.427730368568326],[76.22476669514721,28.297211220440019],[76.196798305445128,28.152707876993784],[76.187475509455069,28.054818515165003],[76.187475509622658,27.88700817998954],[76.196798305651683,27.784457420728341],[76.206121101687856,27.700552253772035],[76.206121101887561,27.61198568863518],[76.220105296595122,27.565371706207003],[76.308671862369636,27.341624594266385],[76.364608640036437,27.276365020059142],[76.434529612123157,27.211105445174955],[76.527757575520539,27.113216083882588],[76.644292530051686,27.029310917284647],[76.760827484089361,26.950067147821667],[76.92863781858307,26.884807574069157],[77.040511374574621,26.838193592194127],[77.240951495870434,26.796241008493372],[77.394777635579715,26.782256814125969],[77.529958182468135,26.782256814363283],[77.585894960319195,26.782256814176687],[77.818964868915927,26.796241008066463],[77.949484017683929,26.800902406800176],[78.075341768855708,26.800902406508445],[78.154585537991565,26.800902407077597],[78.252474899194894,26.800902406497698],[78.438930826277954,26.81954799938385],[78.522835993177182,26.847516388665049],[78.574111373275542,26.86150058244051],[78.704630521257016,26.870823379034132],[78.797858485922362,26.870823379186422],[78.928377635048008,26.875484777397141],[79.044912589398976,26.880146175434341],[79.15678614509909,26.884807573362131],[79.250014108875888,26.866161980945904],[79.436470035289943,26.828870796056481],[79.566989183779299,26.786918211776381],[79.706831128963472,26.754288424885797],[79.855995870449959,26.689028850224453],[79.963208028448022,26.642414868314713],[80.089065779042585,26.591139488168885],[80.154325353683205,26.544525506319129],[80.308151493795833,26.432651950237513],[80.434009243856949,26.358069579853957],[80.513253012556362,26.297471403348833],[80.615803772984123,26.232211828742706],[80.718354532267128,26.166952254132525],[80.778952708086663,26.129661069547605],[80.886164866496074,26.050417300412175],[81.03532960806713,25.971173531316033],[81.114573377749764,25.947866540471679],[81.221785535542878,25.933882346421171],[81.426887055308285,25.849977178852754],[81.585374593228806,25.775394808009562],[81.664618362411872,25.733442224395169],[81.729877936643931,25.705473835777958],[81.911672465063759,25.658859854096097],[82.065498604371612,25.626230066701055],[82.177372160884261,25.574954686677025],[82.251954531161658,25.500372316249699],[82.326536901687717,25.435112741355066],[82.396457874517949,25.393160158618976],[82.508331430362688,25.32323918550734],[82.578252402930246,25.267302407322436],[82.648173375780004,25.211365629966291],[82.69478735800736,25.164751648281992],[82.750724135557363,25.099492073696457],[82.769369728349673,25.010925507892335],[82.774031127512345,24.927020341084901],[82.774031127376062,24.843115174020138],[82.764708331400399,24.796501192681802],[82.685464560921304,24.70327322910283],[82.62486638546136,24.642675052750928],[82.536299819941519,24.591399673025087],[82.419764865676598,24.535462895107315],[82.345182494452501,24.49351031003302],[82.214663345647111,24.432912133926319],[82.051514410066247,24.37697535607446],[81.944302251739217,24.335022772179723],[81.846412890303,24.283747392636755],[81.701909547434809,24.260440401900489],[81.613342982531904,24.241794808787418],[81.487485231886055,24.204503624241731],[81.375611675204183,24.16255104031703],[81.221785535864541,24.092630067724389],[81.067959395912169,24.008724900521084],[80.965408636676372,23.976095113906805],[80.820905293369279,23.924819733202341],[80.755645717839528,23.878205752051706],[80.639110763765601,23.850237362976735],[80.475961827572846,23.794300585251904],[80.331458484204518,23.743025204554996],[80.214923530304944,23.696411223569804],[80.112372770414254,23.649797241668089],[79.925916843251088,23.575214871023313],[79.800059092306711,23.542585083584232],[79.711492527070334,23.509955296745282],[79.594957573674449,23.472664111047571],[79.473761221004835,23.449357120415026],[79.305950887063346,23.407404536898451],[79.138140551171048,23.365451953107328],[79.035589791416541,23.33748356422872],[78.914393439455722,23.323499369646655],[78.807181281283931,23.300192379002041],[78.685984928801645,23.272223990184166],[78.611402558369278,23.253578397037032],[78.499529002175663,23.225610008064361],[78.38765544594213,23.197641618920155],[78.26179769503176,23.146366238757622],[78.066018971980469,23.09509085811391],[77.837610461586806,23.039154080121332],[77.721075506654103,22.99254009896012],[77.436730217914587,22.931941922609759],[77.171030523001562,22.857359551859361],[77.049834170413504,22.843375357491425],[76.94262201207512,22.82006836632036],[76.854055447178609,22.801422773528238],[76.728197696770437,22.768792986181428],[76.597678547641863,22.726840402861878],[76.509111982452936,22.694210615528682],[76.392577027650617,22.642935235765208],[76.285364869320887,22.591659855890398],[76.154845720514558,22.577675661753172],[76.033649368391593,22.545045874037175],[75.898468821042655,22.507754689074499],[75.749304079843256,22.442495114535298],[75.642091921810135,22.400542530738868],[75.432329003758468,22.405203929561427],[75.311132651852532,22.405203930220868],[75.133999521572491,22.437833716691493],[74.975511982404896,22.461140708194542],[74.872961222389463,22.498431893421671],[74.73778067562003,22.549707272775674],[74.64921411025621,22.633612440108003],[74.542001952222321,22.698872014681069],[74.439451193074277,22.801422774849204],[74.397498609678522,22.885327941288537],[74.285625052999038,22.992540099369656],[74.187735691684921,23.11373645287021],[74.089846329760576,23.323499370656787],[74.052555144930139,23.421388732012808],[74.005941162556866,23.547246482651168],[73.950004384860236,23.668442834983747],[73.926697394333672,23.73836380795861],[73.875422014084975,23.798961984203554],[73.79151684652642,23.924819734458545],[73.754225661426688,24.027370494497557],[73.698288883220968,24.129921253746428],[73.642352105891803,24.251117606592139],[73.609722318134487,24.335022773913927],[73.59573812347368,24.381636755675654],[73.563108336100413,24.446896330765863],[73.511832956933389,24.54944708989694],[73.483864567265101,24.628690858547856],[73.418604993421823,24.703273229559638],[73.385975205648592,24.787178396922855],[73.34868402026612,24.824469582457748],[73.274101650323516,24.922358944183571],[73.199519278884054,25.006264110428539],[73.09696851934234,25.118137666881381],[72.971110768571805,25.267302408118081],[72.887205601933715,25.355868973925222],[72.784654842416103,25.439774141720708],[72.719395267327016,25.523679308263471],[72.630828701805072,25.584277485159149],[72.514293748301668,25.663521253406099],[72.407081590178933,25.742765022484875],[72.337160617721707,25.775394810287608],[72.225287061502783,25.831331587648723],[72.155366088489231,25.854638578372892],[72.029508337781607,25.943205144350575],[71.908311985780756,26.008464718207836],[71.805761225812034,26.083047089525039],[71.65193508640985,26.148306663640607],[71.582014114324735,26.204243442232343],[71.512093141073024,26.260180220519416],[71.451494964746843,26.311455600187159],[71.446833566528369,26.362730980147905],[71.470140558156643,26.455958943815137],[71.540061529973173,26.530541314575444],[71.614643901951098,26.605123684687612],[71.661257884238722,26.64241487047537],[71.721856060108991,26.707674444894671],[71.777792837744457,26.768272621396612],[71.829068218116831,26.819548000953734],[71.912973384987225,26.917437362632263],[71.968910163222063,26.968712742173867],[72.001539949717866,27.006003927775932],[72.043492534063247,27.057279307873905],[72.113413506125667,27.103893289080307],[72.211302867864291,27.169152864105968],[72.248594052814411,27.197121252802489],[72.341822016615112,27.253058030469951],[72.477002563315764,27.276365021800281],[72.556246332884598,27.299672013035696],[72.616844509190884,27.318317604543989],[72.705411074284001,27.346285993016668],[72.784654843174877,27.369592984022873],[72.887205603073241,27.374254382338304],[72.999079158766818,27.383577178507029],[73.064338733157328,27.383577178416225],[73.190196484286432,27.388238577072975],[73.292747244371412,27.392899974978398],[73.390636606536503,27.430191160062815],[73.47454177361135,27.481466540389555],[73.572431134417513,27.579355901771834],[73.642352107269943,27.611985688783676],[73.754225663088846,27.686568059590439],[73.768209858106317,27.714536448753709],[73.852115024496044,27.845055597892568],[73.852115024575681,27.947606357343933],[73.85211502507444,28.017527330082999],[73.852115024529851,28.087448302123747],[73.833469432346348,28.217967451035371],[73.800839645106734,28.315856812622929],[73.768209858419496,28.385777785385667],[73.721595875847612,28.479005748392311],[73.660997700221074,28.562910916054054],[73.600399524048981,28.702752862048541],[73.525817153203221,28.786658028893445],[73.460557578123499,28.856579001157417],[73.38597520768964,28.954468363158711],[73.311392836946965,29.04769632668096],[73.213503475889311,29.13626289211804],[73.115614114251997,29.234152253481323],[73.096474753563839,29.253291613693232]]]]}},
{"type":"Feature","properties":{"fid":3,"objectid":170,"seismic_zo":"Seismic Zone-II","intensity_":"Low Intensity Zone","shape_Leng":6495954.985009999,"shape_Area":799439498516.0},"geometry":{"type":"MultiPolygon","coordinates":[[[[84.141045488335919,21.29337234463987],[84.193486217556057,21.25666383404597],[84.27476934878851,21.256663834024856],[84.350808407565978,21.243553652216985],[84.424225428035982,21.206845141642948],[84.502886522408303,21.157026447945203],[84.599901871412754,21.120317938063049],[84.644476492078795,21.073121280261674],[84.717893512830329,21.0075703688928],[84.796554606956363,20.968239821308924],[84.875215700849068,20.913177055175279],[84.938144576922568,20.881712617492337],[85.016805670821412,20.850248180335768],[85.074490473228039,20.800429487109419],[85.155773603349814,20.724390429558966],[85.197726187147822,20.698170064607854],[85.26852117206127,20.616886934031836],[85.299985610158018,20.553958059346435],[85.352426340292865,20.504139366413259],[85.415355215126738,20.443832527540092],[85.441575579687168,20.386147724640221],[85.473040017692767,20.289132375408037],[85.486150200222994,20.194739062130957],[85.485777935340138,20.09317561313928],[85.510638725254253,19.96887166152267],[85.535499516128922,19.877715430381528],[85.576934166572173,19.794846130137064],[85.576934166716299,19.695402969204782],[85.576934166501559,19.691277957731575],[85.569782929094245,19.688165381764566],[85.563450723572672,19.682407300896571],[85.55133853754711,19.677239607697263],[85.545009009770681,19.674549520165932],[85.542291041904818,19.673850921524014],[85.53988497162851,19.672715370786793],[85.536575204971442,19.671321523297888],[85.530919358473867,19.668359817357796],[85.530133539067307,19.668018984827246],[85.528158217059385,19.666614375808987],[85.527490827040197,19.666436910300792],[85.521158940377262,19.664603370948672],[85.515556323223478,19.661857548980279],[85.503427630368307,19.656666154521911],[85.498551021811224,19.654915732828112],[85.494387376156553,19.653387108460034],[85.488779682730851,19.65155305761439],[85.487430108189727,19.651069608282715],[85.48591720752367,19.65050713621514],[85.479517032297622,19.647449259513643],[85.467610133392327,19.640734493350177],[85.444823275600541,19.63240428630511],[85.42625811435498,19.622110063270892],[85.415821640564261,19.617312230840096],[85.413010134410953,19.616053947291697],[85.396204208045745,19.607397699760536],[85.395682339448243,19.607087971621574],[85.395412473401336,19.606412851168606],[85.377921596909246,19.59622585832091],[85.368356128071156,19.591883029201927],[85.365778708127081,19.590390207430293],[85.350907591242333,19.583861284905836],[85.336757169329502,19.575183760477486],[85.335120762196382,19.574162299694603],[85.33451911817842,19.573790889825528],[85.330097478721598,19.570545781008523],[85.302934362828125,19.552589259009629],[85.291929384588954,19.545914643783384],[85.27841663821566,19.536729184735613],[85.255100985775798,19.521822726293188],[85.249338265184704,19.517292401402688],[85.248847707851837,19.516898350108075],[85.247214215752734,19.515545054924736],[85.2411171402413,19.512361446720089],[85.237410678469573,19.509318526271908],[85.236937416758792,19.508868710346928],[85.228614415781692,19.503786785078798],[85.228152647587706,19.50313431606828],[85.214134466032959,19.494058092552468],[85.204853159745639,19.486724427702374],[85.204368911986379,19.486734509121437],[85.204131819145971,19.486122340858319],[85.200198711327374,19.483065956178635],[85.199439620437673,19.482862719294282],[85.199152363651208,19.482206370862905],[85.185844662156384,19.47172422186954],[85.177962250262283,19.463770433329369],[85.177407267388432,19.463203854762618],[85.173093952809083,19.460180772335601],[85.162977282272863,19.453175060612992],[85.134125727684605,19.431902736704426],[85.127063928107319,19.427137612481886],[85.099655578660986,19.403401794839343],[85.096576711157368,19.397852973685826],[85.095770871051272,19.395389975459874],[85.095239484728125,19.387931633572656],[85.09352191516092,19.383144884660236],[85.092299550585253,19.379659981127844],[85.090061860022558,19.377485103012027],[85.08506268964986,19.37425373509188],[85.084924234753416,19.373796664980215],[85.080868854842024,19.373476046155108],[85.0789050980555,19.372258900563573],[85.076182469699162,19.371203246226642],[85.066485403948917,19.36537026030101],[85.063291647566928,19.362991017496991],[85.058956235341157,19.36178561449513],[85.048404742610771,19.354441375990323],[85.038568484310375,19.34934436413236],[85.034148926193609,19.345887321785423],[85.033765055750393,19.345206528834446],[85.027172235820643,19.341363489410242],[85.023736289978757,19.338302501416809],[85.019844965153155,19.336644469491269],[85.012121056555699,19.331014971611559],[84.997059958526236,19.320856162965029],[84.973286572023468,19.307491795873855],[84.967127176833969,19.30401326442842],[84.966116605000835,19.303125877207357],[84.965154229030148,19.302491878413001],[84.963680932178107,19.30139251102765],[84.955381752507705,19.295788896845455],[84.954876342827831,19.295339435583447],[84.953153921838336,19.294041551977003],[84.950249362297271,19.292574062691529],[84.941905098206547,19.286504962924436],[84.93823224396867,19.284141665863423],[84.932533192709002,19.278790359038513],[84.931582738218339,19.277815794728863],[84.928168099571451,19.275882482442924],[84.927184321716723,19.27478950354655],[84.915020242385211,19.265696527115391],[84.911192242722848,19.261713699701644],[84.890875444936498,19.244051764309972],[84.890013729644878,19.243636834873222],[84.886451982561994,19.238562806802911],[84.882012112976312,19.234866039922167],[84.88062338862531,19.232862790406831],[84.873359174834121,19.226775641933905],[84.871497861394019,19.224406553921927],[84.871156985883033,19.223678121728515],[84.86996422082494,19.222267888448204],[84.869410244617228,19.221663573065925],[84.866461578981401,19.219047628761498],[84.862158538889673,19.215357389704977],[84.84950989537883,19.202492873531746],[84.848025743762904,19.200501735148556],[84.839232530898201,19.191220017868453],[84.835441485361557,19.18546136746442],[84.833104517848298,19.183943555351316],[84.825120253549343,19.174646374578401],[84.824811303663665,19.174256783027204],[84.822865701184512,19.171382434151386],[84.815952972891523,19.161191129086056],[84.808741453656992,19.15328314357901],[84.799615332304768,19.138193063462989],[84.794897429985426,19.126572884943776],[84.793893438502721,19.121614663103809],[84.79305105429394,19.120493600507764],[84.790381522232948,19.114362845872897],[84.788421874906433,19.111185649152365],[84.782442110031909,19.098680776848269],[84.781332006203911,19.09736164437119],[84.780192859485268,19.096041111514523],[84.779912827227918,19.095505868262872],[84.776321045399243,19.088006266276256],[84.76857205793479,19.080022789831304],[84.766238634896411,19.075137398412934],[84.762130461016142,19.069381296373923],[84.761589105123818,19.068013922878507],[84.760379658531178,19.066741504861387],[84.755437738161959,19.054768023704511],[84.753553209837222,19.053795110269302],[84.749511882226471,19.054384037703933],[84.74344172842008,19.058516938027793],[84.740363479761569,19.058206725108747],[84.739093470509445,19.05780873181795],[84.73284126794384,19.055298857236597],[84.727962921456268,19.051337166708066],[84.723085075684111,19.038068058046807],[84.723178639711776,19.034558548594582],[84.724514523518678,19.031356130513775],[84.725008203093722,19.030017693053694],[84.727972416475154,19.028621061039203],[84.730795941003862,19.02939660701692],[84.732520344117859,19.031045441719822],[84.733717832284228,19.037735522560325],[84.733994859619798,19.03901490946674],[84.734903816931663,19.039998576330959],[84.736011779934358,19.042649922131936],[84.737297082772685,19.045123354254589],[84.738400845700141,19.047106590305837],[84.740738796724273,19.049569320491642],[84.742686041776196,19.049862947888094],[84.744776225199729,19.049146117138381],[84.745602092559835,19.046963324853099],[84.746091087571841,19.044952060420318],[84.745691654215037,19.042948612492975],[84.745285677054071,19.0406238817285],[84.744892484331388,19.038794782537082],[84.744522989822158,19.037635460832572],[84.74338658170079,19.035003465057585],[84.736436510697374,19.028437891778964],[84.734452270798599,19.025996002727137],[84.73380115056392,19.025199339654712],[84.732855259154491,19.022756416734687],[84.731678983417552,19.021583822643343],[84.717537264047607,19.010137867519404],[84.713674828255591,19.004387004964244],[84.710871362500043,19.00183095371775],[84.707708768385984,18.996333290876692],[84.705967573927992,18.991297912347093],[84.703454032209336,18.988323813166566],[84.703123631580723,18.987163242628075],[84.698348998440196,18.979592767302638],[84.696189941671207,18.976804824972863],[84.695630354578938,18.975437996022691],[84.692114292107036,18.969460097497898],[84.691387157643874,18.968821859330415],[84.689553793844539,18.966916755581433],[84.687253847318516,18.965471863374631],[84.68639407682835,18.962971045695529],[84.683522893484025,18.960370878309977],[84.672809897410843,18.951998050729426],[84.671576196319933,18.949697290707636],[84.670056828922185,18.948340062545466],[84.669161060949364,18.947564712312484],[84.668590268489268,18.946418609780572],[84.661605467203785,18.940834348185849],[84.660830581547074,18.939646430907281],[84.654951904930471,18.933655169028274],[84.652928065656425,18.932350386394852],[84.651679260903094,18.931547004495926],[84.637457883084792,18.92038942389539],[84.63266136418639,18.916335782876398],[84.630998496725326,18.914013846032798],[84.62471508743856,18.907965428420976],[84.622994265009979,18.906333995531494],[84.622402931290367,18.906116012814543],[84.620022469328816,18.902422780194989],[84.619117460485796,18.901500519024825],[84.618290410412556,18.90102126628781],[84.61613262435759,18.898184292487787],[84.613330626635474,18.893167983785027],[84.612114448900016,18.89203271427462],[84.611470235516222,18.891116100764794],[84.608993387972902,18.888250007861782],[84.608892557012311,18.887562087319623],[84.607627321536654,18.886400786936036],[84.605688027366412,18.883451345856045],[84.59782378480628,18.874694095760859],[84.591752394674572,18.871358621956286],[84.58628017915126,18.872134415509521],[84.57987324773768,18.874073074036534],[84.57368791293014,18.87529979517679],[84.571866763631789,18.875505291485339],[84.569308362032672,18.875733534467685],[84.558047573091159,18.874524318294988],[84.55748181505011,18.874057356196897],[84.557695358892843,18.871116803991232],[84.557594803914483,18.870428865239379],[84.558798320207345,18.869792606123656],[84.57115444324711,18.869468781224406],[84.572055076608365,18.869287151750605],[84.580233288790723,18.867668236094183],[84.581195350524979,18.867027757217585],[84.582133544659129,18.862301617256648],[84.583046052299238,18.857107977699059],[84.579776849786654,18.843010378677917],[84.573013798472616,18.838143887490943],[84.571302566122355,18.836465880008301],[84.569305585687175,18.828947413584324],[84.565665175663881,18.823428671306111],[84.56070000608932,18.807441714579276],[84.556594170208569,18.801675647756127],[84.555063460892612,18.786271818700921],[84.553584461786997,18.783314901126179],[84.550368368957351,18.780443600594431],[84.543501493915656,18.775659853407333],[84.534345264713309,18.770007286252632],[84.531052691662964,18.767989540508978],[84.527181834979231,18.764685695150568],[84.526416660325239,18.76443364552453],[84.526192398259695,18.763786328254501],[84.516625021822477,18.756038234065006],[84.515575979778063,18.754651779987725],[84.509826950546028,18.749068230360102],[84.508540681395274,18.7483637899977],[84.507530627406268,18.747416781199725],[84.507277008214913,18.747183493567363],[84.505883797336438,18.74544481003462],[84.500650591504765,18.74070604441172],[84.500245523492538,18.739979304543247],[84.493320878839754,18.733928416042364],[84.492333293478481,18.731631025097119],[84.489288372205976,18.728902668241133],[84.488897142516521,18.728154809543515],[84.482209488214934,18.721375647623628],[84.477923356572433,18.71450060286379],[84.474252558082227,18.71017517224081],[84.47355127882534,18.709948511103331],[84.473340914986565,18.709273229079383],[84.468533074542719,18.704066341023033],[84.466933586696456,18.701312314317381],[84.466242227560372,18.700369239587982],[84.45537542208389,18.689363956052453],[84.454044354357862,18.688008636752592],[84.44826645209308,18.677028623583819],[84.4455368545798,18.673576399935907],[84.442911584676054,18.673272071417163],[84.439097066377727,18.674288651493463],[84.437782752376549,18.678091998452334],[84.437062905522581,18.678753936414303],[84.434919849089439,18.678469388805681],[84.433870967337342,18.678211700792129],[84.432355631463807,18.67724502271939],[84.429953517228995,18.670861129664985],[84.428566694862951,18.669700123326873],[84.421688033762138,18.668490060643794],[84.419459177744315,18.668664609732893],[84.418121022049533,18.668686271809857],[84.415976357395166,18.668346459136711],[84.413434199679131,18.66763521860522],[84.411686009536254,18.666902492120489],[84.411131452325193,18.666147959331578],[84.41165040412271,18.665379694233955],[84.413502282982265,18.664578544090315],[84.416550441520144,18.663252773603201],[84.419588342135739,18.662055767022686],[84.421856475107717,18.661760694471781],[84.424297359600146,18.661446690136714],[84.428854387074935,18.662216710007751],[84.437027635917445,18.664282577345222],[84.438463412954988,18.663865366969112],[84.44187314805815,18.66124762546691],[84.442156109513007,18.659903417564482],[84.443339199662631,18.659709510240393],[84.443374102058584,18.658581633992668],[84.441912621671207,18.656036825979147],[84.441354811616364,18.654896916957796],[84.437543203980354,18.651178835163453],[84.436850304256268,18.650173825822669],[84.424944250620356,18.641771098739863],[84.422564595054283,18.640717806921913],[84.419389096684242,18.639181141166464],[84.412293113535853,18.636435101447411],[84.409779694846719,18.633648410367183],[84.403899812674965,18.624660417090134],[84.402972640302607,18.624428732474158],[84.400079555158655,18.622089283087298],[84.399859443831446,18.621395904245258],[84.391494358263756,18.613365088641835],[84.389218098219004,18.611326122023588],[84.388040648841297,18.610649710734659],[84.387286489499346,18.609963015082787],[84.386054446485304,18.607909053319528],[84.385486874134372,18.606744097606658],[84.381626728767671,18.60336598481782],[84.381199908917026,18.60223358044988],[84.379276649868643,18.600677384744682],[84.377809587214358,18.597609220666161],[84.377510504919613,18.596998485281095],[84.376245200078088,18.595835844344236],[84.375449771663398,18.595354556213657],[84.374418236773408,18.593535570086821],[84.369429925655268,18.586824322817492],[84.365259240581338,18.579487594561389],[84.362509274221111,18.576466475308315],[84.361575075954747,18.574077794664646],[84.35860139932457,18.565491858779954],[84.357229978575646,18.563861830358462],[84.353985238960604,18.562188382145951],[84.35020301399274,18.563082294975302],[84.348449056694946,18.565240386699422],[84.348141531928903,18.570309097380282],[84.349093884428427,18.571928594466311],[84.350333157100465,18.573936610289262],[84.351067678444963,18.575218334131137],[84.351007520721581,18.578411973242691],[84.348136310248876,18.583081293587057],[84.344063188600131,18.579614572955347],[84.340318283648557,18.574680996006922],[84.339128031541534,18.574185910286122],[84.334395200117328,18.573822374360049],[84.333590919137649,18.573357197701306],[84.333149255780313,18.572197597868549],[84.333117764075382,18.569282044009199],[84.334405489079785,18.565940040436573],[84.334429130739167,18.558470419501504],[84.333024187564945,18.557281783569596],[84.330173173286141,18.557656795643556],[84.323688378588699,18.559950903973636],[84.323655393205627,18.56086970047318],[84.322451297963141,18.561733302130929],[84.32150966368603,18.561930672606252],[84.314908417322854,18.560611518015776],[84.31387234509377,18.559666586303397],[84.313371246446039,18.557398123242844],[84.310026012683466,18.554368334507153],[84.309801303701505,18.553663576015889],[84.309974524155834,18.552313899926638],[84.311529969101414,18.551004216488842],[84.312189450709965,18.549213581593293],[84.311398719053983,18.544665965690825],[84.310729396373077,18.543749316074731],[84.30864900650181,18.541891829165142],[84.297452097876004,18.535846263717346],[84.289318414469463,18.531385956478317],[84.284497876777223,18.52625786244861],[84.283454815052508,18.525530943482416],[84.279198022561388,18.522834512895063],[84.276531506710469,18.52037183473611],[84.274290685344326,18.51873655737721],[84.272902765040527,18.514573355156532],[84.274160738074755,18.511627676421913],[84.276332403886187,18.510337290024861],[84.279884114661229,18.512356669953768],[84.284808645047178,18.517298245482777],[84.288380893261646,18.521005594928379],[84.290624258794736,18.523466569365539],[84.292867887830909,18.525934429477484],[84.296416042657754,18.527971964952243],[84.29770304848951,18.528953267157142],[84.298881271827042,18.529841339373387],[84.299084648639663,18.530032742141337],[84.303759515753029,18.532243809724459],[84.321051063092014,18.536605424592061],[84.325245848887562,18.538081906274442],[84.335784349008492,18.545594897578273],[84.336460539548767,18.546419435573441],[84.338842417757661,18.547914354399719],[84.340072350570921,18.548454114832559],[84.344387562368979,18.551404267595672],[84.347753661282425,18.555203655438962],[84.349057949803793,18.548375633802898],[84.343099220059855,18.542660915758457],[84.342402879772933,18.541956325834146],[84.334881024428313,18.536984809920305],[84.327100608930138,18.53098805453422],[84.324451064740117,18.528936382620358],[84.323201520763931,18.527928986763353],[84.319233864423069,18.524229425309773],[84.307382656882552,18.514700386078776],[84.2983739906214,18.50751988974184],[84.287093283362239,18.498592395836074],[84.282553581385045,18.49499355850535],[84.281304264605382,18.49337096990973],[84.274224461940591,18.486865239350553],[84.270532832421907,18.484051467414304],[84.264923201301315,18.478833534270329],[84.260544240307951,18.475259329563766],[84.255991291605568,18.470889396750039],[84.255192810081823,18.469515205587339],[84.253829254700946,18.46791184614797],[84.252198049753119,18.466965454669747],[84.251704909175388,18.464449131476012],[84.251233857552577,18.463999272858874],[84.25030461291361,18.463048699054401],[84.241714354838578,18.457032660141028],[84.238982904638064,18.45458064722969],[84.233591729688328,18.452404498269477],[84.22748287669836,18.44636017406221],[84.222904695412169,18.442804592124915],[84.221513943466647,18.441844117073185],[84.215191724612936,18.434940653208265],[84.213723820632083,18.43381487717815],[84.212034714662508,18.431612583218676],[84.210644731264253,18.430670386398276],[84.20914667713528,18.429499580419847],[84.20870233251047,18.428358326434502],[84.20787965414722,18.427877082275689],[84.206011309536237,18.425317416407328],[84.200455283072216,18.419502010125907],[84.19916023366352,18.417898644842882],[84.192523731784718,18.412712456179094],[84.19127875946873,18.410859862395533],[84.190841091594052,18.410388276272666],[84.185449701374765,18.404570056256198],[84.181954631061373,18.401760432760337],[84.174764036463728,18.39508909074658],[84.171533957367558,18.391200497750244],[84.161570798496413,18.381705317564315],[84.158286363997931,18.377746963613976],[84.157280062203341,18.376128307765924],[84.149207739005533,18.368668909045883],[84.147845903892232,18.367046497766996],[84.143439541945838,18.360020534999329],[84.14281217533977,18.358526558420788],[84.141927948696093,18.356805852024252],[84.141599991931685,18.355984704287334],[84.137959417822515,18.351808988694454],[84.136583201511627,18.350645677435811],[84.134942058286455,18.349927860861818],[84.129782899223287,18.348854400047163],[84.116696277017425,18.350273055312634],[84.10418951297568,18.348974629624234],[84.096311840384217,18.347124689269418],[84.092467622689242,18.345673956543511],[84.085325606134333,18.340511566412538],[84.078520576150595,18.337571302447589],[84.070186576264348,18.335845008250264],[84.067570812926434,18.335761173214298],[84.061070406094444,18.335889857682091],[84.046251321149882,18.340214690412378],[84.039467465170901,18.344508594129149],[84.02805800494933,18.347398673784792],[84.026574402281497,18.347748835360683],[84.019664490380492,18.348659798592564],[84.014375605463584,18.350769509545753],[84.01020709533762,18.35323851008976],[84.001769332943127,18.357066459437196],[83.996303741258515,18.359554212079754],[83.992662072472058,18.358265132764771],[83.990827215574342,18.352289215538175],[83.992989232425401,18.349703099790197],[83.999674603921846,18.347372807555484],[84.010483718844299,18.344953081292147],[84.01198597527231,18.344584236425302],[84.012501794977211,18.343677994894847],[84.013211556395618,18.343475186472354],[84.019934842272676,18.341631481430046],[84.020967933487626,18.341479461878453],[84.024936819789133,18.340866640457971],[84.0264253435368,18.340202123736212],[84.028773756154607,18.339858185542521],[84.040765404010031,18.334621761009085],[84.041963259808512,18.333880198934519],[84.042203541744087,18.333245143173141],[84.050224637755136,18.32810756731185],[84.058590821975216,18.325194056644026],[84.064390255341209,18.325093956792557],[84.072765851437154,18.326314809419099],[84.079271127879622,18.329690155425759],[84.082565471088728,18.330452241350592],[84.086469890264709,18.333743315064236],[84.09112618548383,18.33616250279907],[84.095207509149532,18.33720527034507],[84.108774198875423,18.340057518072392],[84.111827160036995,18.340610064679002],[84.119436652296869,18.339042197001302],[84.120144074138651,18.33861184017875],[84.121132519561527,18.337946608084188],[84.121410564730141,18.336830984674521],[84.121693230092077,18.335708319030822],[84.122869093440201,18.335517207144644],[84.123137255797147,18.33486288931061],[84.125555562034208,18.33289151815179],[84.127256620846737,18.331814060319491],[84.127380421178032,18.32864764205015],[84.126751823699152,18.320997539145697],[84.12610785691173,18.312999343226448],[84.123846211048715,18.306594669080535],[84.118358440573431,18.301004923124552],[84.111905409234993,18.297127711221659],[84.10185324241867,18.291905496295588],[84.101183400308287,18.291199380200073],[84.093460309058358,18.28847598953169],[84.07520731766067,18.278635671071648],[84.074328691106373,18.277529289940393],[84.07103260333065,18.274760396631343],[84.058491876409775,18.263966977784442],[84.057855974027234,18.263417999537328],[84.053885266023897,18.261499876957224],[84.03987090623545,18.256540989811089],[84.030097056025596,18.251916770955269],[84.006238782373629,18.243733195580223],[83.992047927724215,18.236259068537947],[83.976863867579269,18.230365360896602],[83.976135152449771,18.229908037033297],[83.973810902861928,18.22840672792772],[83.96483040515831,18.222539417571699],[83.959580330073379,18.217179192730601],[83.954268380404471,18.213618313958726],[83.94897761541543,18.214532956325083],[83.942803688476928,18.21642955152749],[83.939202459070486,18.218339741214113],[83.938675200370966,18.219674689498945],[83.938656396604614,18.220344827918936],[83.937683975210021,18.221228452727349],[83.935504412950422,18.222522688212713],[83.932104224159588,18.22491577985797],[83.929721923752865,18.225515907148374],[83.927027612237083,18.224963982213172],[83.92577900281519,18.224281763937881],[83.925442499095297,18.219491084477813],[83.927216747614267,18.216148527955152],[83.933265599197242,18.212263163490974],[83.933756720441366,18.211825844077254],[83.933591743554842,18.20979394465342],[83.933610035729771,18.209105498187569],[83.932684793468795,18.208153311716252],[83.927150497513935,18.206145334367768],[83.897596239277846,18.197119978767638],[83.88645014671792,18.191340003830831],[83.881129712592042,18.187547619086811],[83.880232561438334,18.186385753232727],[83.878910384491675,18.182962683728316],[83.876145443919427,18.179586744519806],[83.87445349040722,18.175813424401241],[83.869437635258961,18.170898351380316],[83.855650236486397,18.165240752590645],[83.839262579341352,18.160881017457537],[83.835289340989092,18.159159327622589],[83.820397130009212,18.15436652295212],[83.80905787188486,18.150159182559676],[83.805422359398193,18.148480747594206],[83.788082501723707,18.142704816674993],[83.777369721065583,18.139212749334895],[83.776657411719299,18.138955880981751],[83.776446062706256,18.138259691245608],[83.771124921560741,18.135280067207535],[83.75925439475138,18.129794161970036],[83.751619664607503,18.124997472544834],[83.74043142658283,18.120013257066212],[83.738631150006171,18.118045947270065],[83.728323524722668,18.114517342132093],[83.715372645597071,18.107977985651754],[83.703044262834126,18.101710800854157],[83.692056375797634,18.091825755043601],[83.679794518945002,18.08421177163806],[83.678399852394847,18.083703247593249],[83.674636430104016,18.082655514645801],[83.669947549952099,18.083359310467547],[83.669470061579077,18.083430816058588],[83.664157324286549,18.084819382641093],[83.660753317168513,18.084115389836981],[83.657329103723228,18.081605288824772],[83.660862848540845,18.079676605424449],[83.666282330326865,18.07746018552827],[83.668112331936442,18.075825916945139],[83.669011106750929,18.075028654742638],[83.669060394077675,18.073670251990752],[83.667926212333256,18.072510989450031],[83.661683962473077,18.068436652821699],[83.647678158230093,18.061241962118547],[83.634331241656113,18.053718064224988],[83.630156117104946,18.051755561305256],[83.627532504038015,18.050089463268616],[83.618808124643394,18.04434616458488],[83.616269867765226,18.042100113236742],[83.609874754737646,18.037752539587888],[83.604534601629595,18.033410984440117],[83.60317289593371,18.031775518604075],[83.602437837818698,18.031527597660521],[83.602223220613936,18.030849716190641],[83.600854554636442,18.029489477023333],[83.594227600075442,18.023595123313481],[83.592612153819474,18.021239100781891],[83.590510414693469,18.01843647872688],[83.587304481242398,18.014833270208875],[83.582680825209124,18.011968211591714],[83.581509208339128,18.011696455629995],[83.577944203148419,18.012239288306823],[83.576743679789047,18.012864433899789],[83.576226200180898,18.013768661516377],[83.575455718906852,18.015793099216154],[83.574044320583056,18.015515612161501],[83.573056050253044,18.014929873479822],[83.57157907873642,18.01398462929809],[83.570575218483199,18.013353398525648],[83.566760505622256,18.014603450281356],[83.566349008819202,18.015351508715568],[83.559678309219407,18.020232669824665],[83.557536542587727,18.019881002161473],[83.556038151178299,18.019392272837216],[83.555360727129667,18.017510650386086],[83.556624576182301,18.014014260250192],[83.557373920679282,18.012448889116779],[83.56364807128746,18.009072016590704],[83.563745625275828,18.008411792359738],[83.56473783647175,18.007337903017508],[83.565424039736556,18.00665197048496],[83.566041948697617,18.002116791857112],[83.563203455831726,17.991167042041582],[83.562524769035662,17.98162296662198],[83.560978963749406,17.972977909198587],[83.558908093611123,17.971109540572311],[83.554251727043365,17.962562658076411],[83.536575346749942,17.948633613343276],[83.524092214878422,17.940503197795003],[83.519502444117805,17.937867297714728],[83.516328948721835,17.934810102177355],[83.500753717611332,17.925896981351336],[83.497337211118023,17.923411300210301],[83.490592839381421,17.91944610589249],[83.483460027587199,17.915256053267413],[83.482217775253758,17.914618543487997],[83.47471497151173,17.910542305489304],[83.472573972722941,17.91070053709538],[83.46013403025573,17.914784258673393],[83.458694757765201,17.915420832580079],[83.457513732935993,17.916046743565307],[83.456285575629863,17.916701276863776],[83.453384254178118,17.919333930961795],[83.452171794150374,17.920416613831833],[83.450923696897462,17.921044049935691],[83.448304791473333,17.921618816084706],[83.446788716514348,17.921129505734353],[83.445994702408797,17.920414724559379],[83.445554779548374,17.919501425338936],[83.446560829932309,17.91183926431485],[83.447529214520102,17.910950254688],[83.448489840345232,17.910318141383463],[83.449012951209156,17.902878229851339],[83.450726941924245,17.898573104830174],[83.451806122521134,17.897527951683607],[83.452331859704032,17.896184094810824],[83.453793207453842,17.895107059239709],[83.45484271780343,17.891970280632865],[83.454637964438007,17.884724133547511],[83.453419853199364,17.880153303781448],[83.45237633359497,17.879219863019369],[83.450568689019647,17.876670424951573],[83.450040956443402,17.875502563933789],[83.441093934338824,17.866664757833551],[83.438432377679476,17.864025159380926],[83.42337025624694,17.853111026330435],[83.420147884693264,17.85003511396037],[83.415804472114317,17.84445075670012],[83.415480091489272,17.843546264806186],[83.414259587551385,17.841459513908564],[83.410680896537329,17.842252908589238],[83.409481168374725,17.842878799044268],[83.408950201472237,17.844213335234624],[83.407223925128008,17.845971957844689],[83.405143051452782,17.845440383374712],[83.403888405425562,17.844270974174233],[83.403670360810381,17.843595419130093],[83.404439966746367,17.838630252898472],[83.404940037096395,17.837965603282456],[83.412147847773326,17.834597374194544],[83.416083324767598,17.830894679162832],[83.417053411805753,17.830464274227641],[83.419372217346975,17.825098773740514],[83.419345010327504,17.816284295791412],[83.418625013250576,17.815439473311933],[83.416257580453745,17.807350886447786],[83.412135755322566,17.804037001148775],[83.411811264920559,17.803123408792832],[83.411046756798754,17.80221544502233],[83.408092201389437,17.798697996952878],[83.400951521931475,17.792699679860984],[83.399276007939662,17.790754130806352],[83.398730769206082,17.789999140586232],[83.395731328627235,17.788285822445392],[83.388474428217322,17.781043240150613],[83.386062615724256,17.776429261937693],[83.381139177496578,17.770832811313596],[83.380040993512722,17.770145491685934],[83.37985097538521,17.769432711475559],[83.378101143452966,17.767552914426275],[83.373222514207441,17.763914226761568],[83.372303077607555,17.763676413237711],[83.372086465674201,17.763046715035525],[83.370775703880454,17.762077831353675],[83.358422334742102,17.755365639536809],[83.355785295968715,17.752981192527322],[83.353084816218171,17.748808811544091],[83.349250113119652,17.73823579553833],[83.348484690929993,17.734367577050634],[83.347913066461246,17.733684105092667],[83.347110262934081,17.732740173878707],[83.34636515223832,17.721393635923153],[83.343673302387828,17.717919899334145],[83.340271921348773,17.714166710518384],[83.333486570620167,17.709280656359223],[83.332697282441487,17.708682270688627],[83.329917155452577,17.707224108819073],[83.318563283608313,17.703350370101099],[83.314569711505982,17.701719986944209],[83.304426477779316,17.695708015657246],[83.300787571278832,17.69194799037037],[83.299589084423303,17.689851260636285],[83.298816108946028,17.68580008425398],[83.298606141612765,17.685030489709092],[83.298039769852764,17.684349065573915],[83.29453232501497,17.670676043324821],[83.293143032104098,17.667014453856162],[83.292420909197688,17.66582113599231],[83.289912174513333,17.661912035995748],[83.283518944331789,17.656261786987471],[83.277543443805811,17.65264071629975],[83.273927921008976,17.651342328768408],[83.268999897759741,17.648728419451544],[83.261863796393456,17.643714705309538],[83.260279609403142,17.642620587569187],[83.260063272829342,17.641972554505777],[83.259369591451033,17.6417405464586],[83.25915731524239,17.641062624349178],[83.255058059904982,17.636922735091606],[83.25317093088475,17.635544339318685],[83.25043531600042,17.634248835527806],[83.244071983035354,17.627927714479977],[83.243640175575251,17.627456202610354],[83.241343365602404,17.625321706036271],[83.235799103958556,17.62563404200737],[83.232562928966942,17.626165684152401],[83.22775027967036,17.628706362595643],[83.223347208687244,17.639406224633532],[83.22236880267873,17.640055330576978],[83.220097043163662,17.642372827100012],[83.219854584964381,17.643026391436603],[83.218875670747025,17.643455601001047],[83.218614711898837,17.644134752731137],[83.216475270534985,17.646195080604794],[83.215524401590059,17.646598435793841],[83.214403140095243,17.646469471363488],[83.207985541873782,17.645661420490207],[83.19985038455448,17.639919824754926],[83.198153153826738,17.638064735079272],[83.197956252499381,17.63741619949435],[83.196546349247427,17.630538464284751],[83.197200767466754,17.626696677236104],[83.200318331943691,17.624782624581158],[83.201295863037799,17.623895472568183],[83.201570313022373,17.62277628892204],[83.213815407569285,17.617352937696218],[83.215560781260777,17.61681772476712],[83.224997913379198,17.614485240240882],[83.227084927401577,17.615456416515084],[83.231053170122237,17.615781475966742],[83.231489270001987,17.61324085217916],[83.232334410391033,17.60823122931215],[83.230425959975562,17.60353879962711],[83.229599364360013,17.602732390526185],[83.226237193754628,17.598765893650469],[83.225453684879341,17.597360722612667],[83.219999730222625,17.592196344462696],[83.21953466847738,17.591723274498314],[83.218873387505994,17.591032310033373],[83.217263654715168,17.58982846099315],[83.216630200118615,17.589503360412195],[83.207340683820462,17.584504990368423],[83.204074353939731,17.583323444399245],[83.197800281633135,17.58098427553934],[83.188600008087263,17.575462972313886],[83.182312940820538,17.572745558892549],[83.173921635095041,17.567455563084899],[83.173542213559642,17.566753763270231],[83.17207308003654,17.563778346971343],[83.168432463677433,17.560245174793373],[83.15552583014636,17.552736168684561],[83.146959304465199,17.549047227518003],[83.139734224350562,17.546971179407752],[83.13144791820956,17.545863330059944],[83.123769958779903,17.544831344713707],[83.111793763089324,17.540644952061584],[83.10994282245079,17.539678794082771],[83.105914079564855,17.538893772700089],[83.106616768472591,17.541837829891804],[83.108472719719046,17.545927744453902],[83.110193425003757,17.548286868593085],[83.110882749562279,17.551057172935305],[83.107330353013268,17.550653702075643],[83.10310575629795,17.549045986217092],[83.099394465399357,17.547122753484896],[83.096574250778389,17.544074450534602],[83.0921225706836,17.537119130502212],[83.091168358628877,17.535478843603801],[83.087989692579754,17.532186114246759],[83.087094425202025,17.531451469843482],[83.085722568400385,17.530335226967722],[83.073686277331802,17.52465400616283],[83.066880986895598,17.523504724042983],[83.060168371339131,17.520750094562857],[83.058703646325142,17.520366124710026],[83.044525409497425,17.516566161719233],[83.039218320923254,17.513866232934806],[83.035081684400268,17.51077323344931],[83.0336769913052,17.510717544037647],[83.031794325117971,17.510419804245402],[83.026273762076158,17.507758186131397],[83.01612875923351,17.501490829570983],[83.014059479086725,17.500523465164722],[83.007001849026537,17.494602094362278],[83.005862962447694,17.492969767246702],[83.005339411701257,17.490674540281077],[83.005160012330563,17.484321397037796],[83.004665839372436,17.48227291880109],[83.002188515460787,17.480322231296437],[82.9999237356149,17.478696906308151],[82.995979898424295,17.475601430653022],[82.993240745480875,17.471297430842572],[82.99287074409682,17.470750815662281],[82.991025972964124,17.469764885776183],[82.979903577736437,17.465278616901593],[82.968692940122736,17.462606900535313],[82.95147581536439,17.455594756523759],[82.949513866128271,17.454461837800437],[82.94504644071408,17.45287085705505],[82.942982982597911,17.451236143606707],[82.937919795841637,17.44922645636554],[82.931929546626975,17.445162928900022],[82.919271618158589,17.439858120728356],[82.917885318603169,17.439070580454093],[82.914376669288004,17.436985713247559],[82.910172170075555,17.434484100857642],[82.908842657009743,17.433667862578837],[82.865535203885486,17.415049040801943],[82.856612526669778,17.409277060512117],[82.855018073569468,17.407858828073127],[82.848991904802403,17.40482554654513],[82.840019735744761,17.399584809947775],[82.82519473594742,17.394039691906734],[82.822797530440241,17.393437947384431],[82.819548329309811,17.392229755284642],[82.810379417696723,17.3900475385113],[82.80956894449892,17.389831809754249],[82.807278390816705,17.388616476049908],[82.788883041622285,17.381400781478344],[82.771263096827298,17.373996556184231],[82.764675667189039,17.370863094439066],[82.75309279963335,17.366161123368524],[82.736716946354036,17.357832315480636],[82.734403085672184,17.357055885993301],[82.72492021311129,17.350456138796229],[82.723190555768056,17.349558836685233],[82.719159856862802,17.346849892113614],[82.718624086393589,17.346047166755024],[82.717794012572767,17.34578552453906],[82.714699608685038,17.345295713482169],[82.707906805481073,17.342481925936291],[82.705861450041397,17.341045412396962],[82.698985709733691,17.336682991379341],[82.697597699401612,17.336168290864777],[82.697383999543703,17.335492315948215],[82.686775126011383,17.330112951615199],[82.680383096102489,17.325081647816923],[82.670671156281912,17.321115504347041],[82.662419854870876,17.316016664945099],[82.661256128918794,17.315737901530177],[82.656622519336906,17.313764017704138],[82.64813326815289,17.308629844255851],[82.643899616795068,17.306369120317466],[82.6386254029876,17.303286939341572],[82.637792340542674,17.302603804173561],[82.629923371654797,17.299151401464602],[82.623042357908233,17.295014821215027],[82.620536680365348,17.293102552591588],[82.606320090876508,17.284401590545453],[82.604043969469075,17.282260671922799],[82.590007528440324,17.274143385012291],[82.585447933080857,17.27067380641342],[82.579235393804979,17.267713876920268],[82.573462479118817,17.263553488008064],[82.571365952147502,17.26204305875434],[82.560195294238355,17.256106849632513],[82.551759119502492,17.249861354025168],[82.549514441878387,17.248046534823498],[82.548566093600542,17.247776907042102],[82.546947874835851,17.24583214497914],[82.538695767839073,17.239427263971766],[82.524745120020199,17.229327913279885],[82.523295018335347,17.227684438673059],[82.519127403437722,17.223856268263692],[82.517979714774256,17.223356466399132],[82.517490661631996,17.222415107868031],[82.516305759505471,17.221192733731652],[82.512068443678729,17.217180231059505],[82.507920370167682,17.212573377128152],[82.486957016667816,17.196352355163601],[82.462485263244943,17.175187765503466],[82.445539522665257,17.164112008713207],[82.441147311804443,17.160006741316028],[82.437926111120106,17.156145057084931],[82.432607613193852,17.150798754010768],[82.42944662206213,17.147613271950625],[82.425888049882602,17.144110326366757],[82.376366232922521,17.193632143729157],[82.290105611827073,17.234708629616105],[82.191522044225707,17.255246873275865],[82.039539046086645,17.29221571007967],[81.932740182664389,17.312753953338348],[81.850587210734972,17.320969250177694],[81.731465401262369,17.357938087792942],[81.608235942598725,17.403122222349516],[81.464468242062239,17.456521654442088],[81.35356172816816,17.518136383075593],[81.205686378155335,17.612612301171268],[81.107102812153173,17.67011938159925],[80.996196300181666,17.748164704978073],[80.91815097671028,17.826210029553241],[80.852428598150084,17.937116542013062],[80.766167977686308,18.109637783477289],[80.708660897419932,18.204113701688335],[80.65936911420539,18.302697267429128],[80.622400277075627,18.405388483211741],[80.597754385476648,18.495756751918979],[80.552570250344004,18.610770913250811],[80.50327846728257,18.7052468309044],[80.441663736775155,18.832583938555285],[80.404694899368877,18.885983370434033],[80.359510765132114,18.992782234396298],[80.330757225114823,19.02975107143795],[80.314326630558341,19.08725815223103],[80.273250144309131,19.165303475248152],[80.22395836103351,19.272102339752067],[80.166451280942496,19.407654743021617],[80.059652416820015,19.551422444490143],[80.006252985323414,19.666436605044193],[79.911777067710702,19.777343118849107],[79.825516446498156,19.888249631014556],[79.71050228599367,19.986833197226041],[79.665318150605557,20.036124980255728],[79.562626936400932,20.073093817775511],[79.468151018294193,20.08541676375922],[79.385998044974997,20.08541676373051],[79.303845073042581,20.085416763904156],[79.205261506655674,20.081309115400106],[79.135431479702504,20.064878521027914],[79.065601453518951,20.027909683896684],[78.999879076457916,19.966294954485303],[78.954694941407226,19.896464927949772],[78.909510806435989,19.834850199019709],[78.856111374988075,19.736266632665597],[78.847896077613214,19.617144821877513],[78.86021902339013,19.518561255522101],[78.876649617895012,19.395331797587758],[78.901295509314025,19.329609419441457],[78.942371995280524,19.267994691200528],[79.020417319494342,19.14887288125847],[79.065601453542442,19.099581097698959],[79.123108534760661,19.042074017730343],[79.188830911951257,18.972243991641353],[79.225799748994021,18.927059856188936],[79.26687623532851,18.890091019352209],[79.332598613218678,18.824368641895369],[79.402428639211621,18.734000372347083],[79.447612774186751,18.655955048163325],[79.484581611534594,18.610770913607315],[79.533873396165149,18.528617941099988],[79.562626935637212,18.467003211705656],[79.583165178612091,18.39717318533522],[79.657102854088649,18.228759592919257],[79.689964042618939,18.175360160767816],[79.731040529067116,18.109637783128903],[79.821408797670173,17.916578299186412],[79.821408798480888,17.875501812823373],[79.821408797784414,17.846748272877914],[79.858377635841151,17.73584175986867],[79.8707005815847,17.67422703038325],[79.907669418255566,17.579751112994597],[79.928207661868896,17.530459329746822],[79.956961202314488,17.472952248762713],[79.985714741803022,17.407229870950982],[80.014468282132711,17.320969250584092],[80.035006525485016,17.197739792206086],[80.043221822878053,17.119694469137215],[80.035006525357531,17.037541496626453],[80.030898877052763,16.955388525003585],[80.030898877109294,16.836266713845941],[80.035006525513538,16.758221390837289],[80.02268358000866,16.684283716359168],[80.006252985357492,16.532300717809175],[80.002145336345308,16.458363042374923],[79.993930038962517,16.363887124361042],[79.977499444862303,16.257088261169358],[79.973391796796747,16.187258235235795],[79.965176499071035,15.99830639842847],[79.948745904531378,15.903830479894228],[79.948745904717612,15.829892805510942],[79.924100012851369,15.73541688743391],[79.915884716293817,15.665586860910528],[79.874808229909632,15.603972132458779],[79.866592932461671,15.558787997618655],[79.841947040646062,15.497173268338654],[79.768009366114057,15.29179083709192],[79.739255826225047,15.246606702891247],[79.673533448579946,15.152130784533069],[79.65710285403766,15.053547218667767],[79.640672259313504,15.016578380362887],[79.616026367694801,14.967286597514912],[79.57084223247881,14.91388716583895],[79.521550448824527,14.827626545101186],[79.468151016854733,14.704397086422992],[79.41885923383883,14.609921168707265],[79.385998044855029,14.515445250556743],[79.34492155891185,14.412754035346712],[79.316168018993963,14.334708711427199],[79.287414478917583,14.27309398251438],[79.197046209109118,14.125218632565778],[79.131323831300534,14.022527417367263],[79.086139696571323,13.94448209410503],[79.04095556191831,13.833575582290022],[78.975233184281365,13.718561420265788],[78.901295508614822,13.607654907611492],[78.835573131174868,13.484425449957486],[78.753420159136738,13.287258316613334],[78.732881916156458,13.176351804587764],[78.642513646748213,13.024368804571793],[78.617867755002607,12.962754075846526],[78.568575972161881,12.880601103896421],[78.498745945311057,12.798448131414769],[78.43872863533457,12.70146198401777],[78.380308744608683,12.6065296611752],[78.292678906771698,12.467782419543688],[78.153931664460444,12.270615285338764],[78.073604314493394,12.131868043457899],[78.05169685475262,11.949305883545142],[78.007881936499231,11.810558641970671],[77.993276964075108,11.679113886518993],[78.00057945006813,11.576879075380289],[78.000579450246008,11.46003929319108],[78.037091881850273,11.401619401456299],[78.0955117737915,11.36510697019378],[78.21235155616705,11.37240945652311],[78.299981392974004,11.401619401968796],[78.380308743294236,11.481946752282948],[78.453333608466679,11.5622741029214],[78.533660959052412,11.657206426466761],[78.584778363299066,11.744836263632658],[78.650500741487662,11.825163614812606],[78.738130578068407,11.927398423811537],[78.854970360868037,12.080750638979021],[78.964507656461649,12.248707825969337],[79.07404495370308,12.32903517646951],[79.227397168615241,12.431269987512534],[79.395354355388363,12.518899823624562],[79.621731434245078,12.577319715389129],[79.775083649500303,12.621134633774252],[80.023368187650703,12.643042092979362],[80.207526435199057,12.642255669677658],[80.203207245849754,12.627222292889027],[80.200867482374548,12.622217085861944],[80.196302758312342,12.603564933701016],[80.191533455257158,12.590851161189011],[80.190615572626385,12.586280837142255],[80.189379133806511,12.581010129717255],[80.187520464783077,12.571698010974778],[80.183699991280875,12.563238736942097],[80.182880946217807,12.558254925926152],[80.182072443013098,12.555965881080542],[80.17995872395862,12.551625866253355],[80.175215369955382,12.544094899308861],[80.174681209223635,12.542045212717499],[80.170550571014729,12.532678042876523],[80.168497844341289,12.530625690480058],[80.163833946063349,12.517174803824544],[80.162928713843144,12.508455426339792],[80.163631927254414,12.501990233401667],[80.164371798375342,12.495409817921148],[80.163817785703571,12.478233344034829],[80.163274034646918,12.475521885114473],[80.162531372554582,12.471813978474223],[80.162426568915592,12.470684103571195],[80.159461994001859,12.468800291350838],[80.151836777313605,12.47007644877991],[80.149294771131139,12.469584162959002],[80.150461207845808,12.461444752673282],[80.149909294702738,12.459384260405661],[80.14923496058654,12.458914870896061],[80.145521980834346,12.460041898467525],[80.141528827859005,12.459365637413667],[80.140427910324874,12.457741837297075],[80.140527163175946,12.455854718366808],[80.141170467951483,12.455239374130469],[80.141632476774291,12.455010688204133],[80.142471017786775,12.454171434863479],[80.143458926728599,12.453243869801804],[80.143465344465554,12.452782851369509],[80.145189104022236,12.451838729677791],[80.14602479107819,12.450511355833116],[80.148871562646661,12.448178478810457],[80.143976884756754,12.444906702525914],[80.138865181506176,12.447397582611368],[80.137780310786511,12.447954565775587],[80.13693903361478,12.44834180691706],[80.134248143876206,12.447980502771225],[80.131057737897876,12.447088550156362],[80.132838704673617,12.443396616348862],[80.134314324653971,12.44035125478967],[80.138716357544126,12.436566475164209],[80.139082882671602,12.435214781566057],[80.138238546286587,12.432456442311796],[80.13736133339043,12.43127090473271],[80.131299460978127,12.4230829338477],[80.128809565494194,12.420789368263206],[80.128238350787015,12.419653266623378],[80.126154851954055,12.416606890022392],[80.125133401129361,12.415896008340729],[80.124854830465253,12.41546013854877],[80.123963763275455,12.413992163041438],[80.12300844382527,12.412596583492913],[80.122269408489842,12.411395105812295],[80.114432369699969,12.403355327298216],[80.112372247992923,12.400128093273764],[80.112073069198573,12.399690016396677],[80.108075046041435,12.396220268871977],[80.104827528563675,12.390971718540998],[80.096221733316924,12.381567372245719],[80.08649305554772,12.36827759937521],[80.082174415874135,12.364116356145029],[80.080212250232847,12.361026870328885],[80.07949922974332,12.360003849616071],[80.077218058261238,12.357479305010941],[80.076749248531243,12.357472783464148],[80.076321289131428,12.35657386233529],[80.075877531401019,12.356106461294226],[80.067871974809478,12.348714074841419],[80.067455853651069,12.348294060926543],[80.066655518701083,12.346927691111397],[80.062204170035088,12.341218756151767],[80.06072374597089,12.339834617367703],[80.056950752776174,12.334297061731279],[80.056120822285223,12.333111398553575],[80.054766823902909,12.331483208799673],[80.051092906976095,12.325396680032101],[80.049793907941975,12.322984593428339],[80.049515751402069,12.322521620581579],[80.045566965356471,12.317596319314008],[80.043776044383833,12.313704854143282],[80.039469389376023,12.308901581239635],[80.038133857552666,12.30592938178029],[80.035415494375854,12.303172117127325],[80.033411382340958,12.299276248442672],[80.029548972530819,12.29493135369332],[80.028319613323575,12.29286264944648],[80.02504773369013,12.287821903677385],[80.02403004862407,12.286905079989573],[80.02369454303323,12.285979074375339],[80.019148389713934,12.282065608283363],[80.018833559831037,12.280931822099141],[80.015782950131964,12.277049676415254],[80.014030045033607,12.272462770065294],[80.012468112740564,12.27047992906483],[80.010187217091556,12.266274807937471],[80.008854920476381,12.261739888453011],[80.004785269267799,12.255917891151864],[80.003237458233116,12.253711460948733],[80.000330203651473,12.246414770235319],[79.994828706081847,12.237485381828153],[79.993152644852188,12.235202202950322],[79.992697972264608,12.236119017562597],[79.99259473058585,12.23498765440867],[79.99226877732616,12.233393316499813],[79.99034717319914,12.230421395797146],[79.990400192503756,12.227467679272239],[79.967643836438086,12.193345136608453],[79.960544759797045,12.183496734529898],[79.955736643742796,12.17512787794058],[79.954378348039953,12.173917277552144],[79.953965467854744,12.173260142820723],[79.953977232929375,12.172366068163027],[79.952277400410097,12.170085164054568],[79.949337003407351,12.165200696240351],[79.948117042800774,12.162673909273735],[79.94812647763068,12.161978539542577],[79.948147663818858,12.160623944744865],[79.938153560310923,12.150526109867284],[79.937952711831699,12.148031387219403],[79.937067732473167,12.14643038237268],[79.933786138249189,12.142299862152175],[79.933469930591059,12.141374107734679],[79.932440239472257,12.140231350407712],[79.929595228515566,12.135349274881108],[79.91828019712392,12.118026659812294],[79.914071239914165,12.109340333943653],[79.908761074369494,12.101750448058057],[79.908032261561317,12.100801942515515],[79.905023831914406,12.095800295302878],[79.90364407786906,12.09423517169734],[79.901825260318546,12.090823354925245],[79.898532951231473,12.08577192005596],[79.897409789117759,12.084834411345641],[79.89458696497266,12.081020180289233],[79.891800070749838,12.075470284479449],[79.890789608811247,12.074300393803595],[79.890494086849657,12.07386230271625],[79.888210604508359,12.070091394281143],[79.885974031745292,12.065216863191845],[79.882443010410611,12.059106808607071],[79.878487742001425,12.05075088795202],[79.877685994421981,12.049845223968454],[79.875025114882106,12.043307252715264],[79.87239194467287,12.03681229309853],[79.868165278278937,12.030717648217689],[79.864741607111753,12.022001580352983],[79.861277496401641,12.015205971468964],[79.859858116145489,12.013288780931566],[79.859904665642773,12.010337296344192],[79.859029447672071,12.007608348747295],[79.857856594010059,12.004583514206804],[79.856384313316482,12.000770878190769],[79.855768059691044,12.00265666647176],[79.855245608029236,12.000293638950335],[79.855108875594766,11.999533078346865],[79.853396788466981,11.992845630443199],[79.848434754177944,11.980008748812319],[79.847850568054753,11.979791540883053],[79.847524337939603,11.978423869904404],[79.8459429983821,11.976350946428489],[79.840499580163936,11.956772722350133],[79.840504381252885,11.954588840818507],[79.840523098669422,11.952251593161858],[79.839493104366412,11.951298380887511],[79.834071896322143,11.933878257264588],[79.828654373769623,11.916461276249963],[79.823235899553083,11.89903387094958],[79.817892825316676,11.87582658290035],[79.814611375323054,11.858444592714767],[79.809244422859607,11.838124610358985],[79.808125856063839,11.834093164519489],[79.807563112681621,11.832101139030696],[79.7977805342518,11.797480508843183],[79.795096067964337,11.784856624760277],[79.794073292407631,11.780059394100576],[79.794176544255549,11.773694564046252],[79.793136084122835,11.757820784155921],[79.793067236908342,11.756422875650843],[79.790058641890937,11.747105256097448],[79.786446406183074,11.739337979600379],[79.785987264045289,11.73887064729368],[79.784837553638994,11.738158797575574],[79.784155419816386,11.738371922441454],[79.781632202726172,11.73819900034515],[79.780778919026218,11.739593161446924],[79.779810004321604,11.738865774357759],[79.776507245105421,11.74112178792819],[79.770251979814844,11.745336640675125],[79.768871636171625,11.745755973076966],[79.766979293249705,11.744499462229451],[79.767065973200928,11.741922820606838],[79.767609575629351,11.741100844219281],[79.768509895053214,11.740403440394461],[79.771087770308228,11.736608983241952],[79.776261796833424,11.733001186011524],[79.776500732103571,11.732383897240112],[79.780855567585903,11.730170125563768],[79.782702430489252,11.729737855208183],[79.784977630508621,11.730440132857806],[79.785581020853485,11.729322921284114],[79.785167321736452,11.72613247665358],[79.784809965153258,11.724955224988969],[79.78394557850639,11.721802447103952],[79.781762137797529,11.715203339009113],[79.778039592463713,11.704271759457637],[79.776279584994697,11.699237930261848],[79.77199876769032,11.679218097363941],[79.769773557632391,11.673746600437539],[79.767465438523459,11.661890086537486],[79.766736695016235,11.656044966326483],[79.764874228312024,11.647324685816274],[79.763357720688575,11.636960145928455],[79.76152474859407,11.628655087680061],[79.759259699088958,11.612582112624077],[79.758997736189471,11.602824742894711],[79.758453342188119,11.578090590610016],[79.759164836751452,11.565781198536051],[79.759291959558709,11.563629838166204],[79.759707663588628,11.561075675978971],[79.760848808030602,11.556551437139198],[79.763202643641165,11.537525647457938],[79.765174636789979,11.529166802502791],[79.767350848024989,11.522865127597937],[79.770389577156266,11.519732132206936],[79.770630916066111,11.51883597949084],[79.771342061016512,11.518386599715853],[79.773226332990376,11.514332703239887],[79.776012072959873,11.512098048445862],[79.776742041769964,11.50984665259365],[79.777194644745279,11.509628878465158],[79.777663240923445,11.509402086103773],[79.778863575642504,11.50577967052625],[79.782814500952952,11.495856878645657],[79.783292130003161,11.495657107214328],[79.784354166616481,11.492708061176836],[79.790593579442657,11.476018607173161],[79.792909794935355,11.474028744453891],[79.795878528388016,11.467686269150191],[79.797399943151078,11.465681714013339],[79.799406676146759,11.461189245448674],[79.801399605847635,11.458255250669485],[79.802246632750396,11.456693476623229],[79.802696744832517,11.456473372330274],[79.803496340778437,11.454521927525509],[79.804115865711097,11.453982258220641],[79.806160313657017,11.448348146548193],[79.807557770707831,11.446566461109327],[79.808026067392632,11.446366666256615],[79.810430574899456,11.439350409940525],[79.814167655259965,11.420642160970921],[79.814900701654622,11.416968162305432],[79.816744371280137,11.403611081808213],[79.818056431642788,11.398632102438299],[79.824518414890377,11.367195735900701],[79.824679305199282,11.364478557802171],[79.824016223604303,11.363775320446285],[79.821927872781814,11.364211749356263],[79.815900881717468,11.368425417782854],[79.815215420930528,11.369108928341683],[79.814267014769797,11.370219908548815],[79.8124458541526,11.370424647846059],[79.81108256800465,11.369486257384507],[79.810627138784241,11.368803507475757],[79.808563545494323,11.369446900930638],[79.808556071301055,11.369906168260481],[79.807615008227529,11.370584803399765],[79.806951901859165,11.371583545452532],[79.800859405260326,11.376354973650567],[79.800644554758506,11.375017312786909],[79.800672249568777,11.373198175504395],[79.799996847980736,11.373188230605301],[79.798759797881246,11.371808645331363],[79.798700508865679,11.368629576485116],[79.802155691757619,11.366628441784249],[79.810502094182155,11.361776848632415],[79.814123047353817,11.358418128166418],[79.813925598379555,11.35593018999578],[79.813126004880885,11.355017388263869],[79.812631559286203,11.35113784744915],[79.812277435832158,11.349797894884361],[79.812107325438234,11.349075001392043],[79.811293429830243,11.348630471647883],[79.811180011733626,11.348168792884508],[79.809467580457621,11.347468638241171],[79.809385675330361,11.345647322386746],[79.812392050900499,11.344334342137428],[79.815138797132519,11.344358210122831],[79.816739978233898,11.344634908511713],[79.819456083535627,11.354212849760147],[79.822331669730531,11.355364569898434],[79.823230271006622,11.355604330818419],[79.82587275522134,11.355274395944496],[79.831032187069127,11.354623232990518],[79.835752185433037,11.355056456072123],[79.838141400027624,11.354703504033274],[79.839767403682544,11.353370332978255],[79.840128953140081,11.352456739329297],[79.840104027805992,11.346340114765711],[79.835648732408231,11.33063114226813],[79.834200948319406,11.328097008736911],[79.83402788590918,11.324013461464411],[79.834421992134168,11.311043850859267],[79.835108134319981,11.305588501019075],[79.835098264296604,11.3004565712017],[79.837657536340529,11.282559280912899],[79.83781345170668,11.281850498792659],[79.845436210169751,11.251517116534993],[79.846398592312781,11.247109615731679],[79.852416853618124,11.204542069412902],[79.853937639161316,11.195248928784485],[79.857146422652448,11.150844004365625],[79.858163741348534,11.113875644317389],[79.85823254136092,11.11117660379483],[79.858173117669722,11.109143220390497],[79.857877391365818,11.090953986775725],[79.857584800952068,11.087566595327234],[79.857253976637679,11.085969439359655],[79.856819314797562,11.085728347960922],[79.85544139292513,11.085940641090151],[79.854514860087235,11.085694547451645],[79.854701537864614,11.081385626704426],[79.857179974388231,11.075990553349568],[79.857224001012213,11.073039986012709],[79.857254861490262,11.047392160087764],[79.856569701163352,11.027437092460561],[79.856805640510089,11.012698505448459],[79.852504980864609,10.994698303354337],[79.852489318545736,10.987980528665531],[79.852474173410343,10.970083046170886],[79.852724891248286,10.967486823262767],[79.852071458249668,10.927253689804134],[79.851915598139911,10.915527490305463],[79.851089007125907,10.910074006079519],[79.850437771734505,10.908697804384973],[79.844409362782997,10.906097716847784],[79.844180145991899,10.905654701540998],[79.844315605776643,10.904506366859938],[79.845253314846204,10.903853371592581],[79.845260653247294,10.903385873461252],[79.84894921317327,10.90141880741427],[79.848608793200043,10.879845691262769],[79.847012608275662,10.877789965803936],[79.844267704410257,10.878207252263381],[79.842335375791947,10.877881521146263],[79.837662113119151,10.87654363308164],[79.835514455785926,10.873765781251103],[79.835669744295771,10.871253556464147],[79.83751162154546,10.871075882813935],[79.83807301712892,10.871220335029955],[79.83987804784725,10.871433638829414],[79.84344643784155,10.872525263724942],[79.845248171565544,10.873682312636049],[79.847793637974519,10.872592895191612],[79.848848294486942,10.870787214701402],[79.849761745717615,10.848123661525179],[79.848963684212151,10.835665561859308],[79.848962264181665,10.83278501980673],[79.849479943331275,10.827004369768241],[79.849841174018877,10.822955931112077],[79.848668182179168,10.818928424254052],[79.846657068981401,10.816591896520604],[79.844227973056405,10.816187066150441],[79.840102296279397,10.814764802698074],[79.835781311416937,10.813292765525802],[79.835763017322108,10.811470667079393],[79.83655609997642,10.809593305894037],[79.8393996492524,10.80917642604595],[79.842077450099339,10.810599328379944],[79.845269395501063,10.811638558367015],[79.848138733543664,10.812583032016031],[79.850147077345127,10.80901737016864],[79.850272861669708,10.795607296032379],[79.850197127917667,10.789934644432384],[79.850173684276797,10.788505840819489],[79.851156110246677,10.760125840770169],[79.850993688687012,10.744175311275004],[79.850703555216143,10.718150258228816],[79.850160438963243,10.716343985372282],[79.850626250404844,10.716119866454239],[79.851312438090119,10.709425629849838],[79.852782663908215,10.687113416635851],[79.853456654067884,10.680994774864748],[79.854790667048334,10.677672676427504],[79.855245522545431,10.676941102010852],[79.856168236747877,10.676057280179009],[79.857208271487991,10.669249873950026],[79.85741588500683,10.652730505395539],[79.85827321567514,10.588739912681731],[79.858112241750987,10.568546329182636],[79.859481787132154,10.562574793681154],[79.859503538796218,10.561239294220268],[79.859464654900194,10.552543980007011],[79.860110447619746,10.532921841471882],[79.860713018460345,10.51550937724622],[79.861500011676085,10.492634149472755],[79.862027578830919,10.484228942145897],[79.862760380276427,10.483756169163362],[79.863806617025148,10.473446750081127],[79.86402787767004,10.469764910584646],[79.864325355904313,10.466911134380855],[79.865497991296905,10.424035811165385],[79.865753014952176,10.418093425514876],[79.866182147355175,10.417225693112318],[79.866876412274522,10.411658541439174],[79.867103111299357,10.409173240281483],[79.867398507403465,10.401201198389979],[79.868174733037435,10.378304767236141],[79.868260617154974,10.376115740256767],[79.870898959130997,10.340525207844996],[79.872387523025296,10.332596728807768],[79.874439816433338,10.322188838036594],[79.875517950651044,10.314437731244805],[79.876467015758578,10.311617614589466],[79.876794749614234,10.309756746448029],[79.877660143549193,10.309376292260412],[79.878118701685665,10.305488481433153],[79.878964170768754,10.299302733838548],[79.879170368206886,10.296515821522112],[79.879336508816507,10.290320749164945],[79.878711933138305,10.287313440776359],[79.877879821969643,10.286063874648605],[79.876238740430594,10.285587102670545],[79.873945655308788,10.285105291980415],[79.870634730882827,10.285952077881969],[79.868655529643277,10.286367320462784],[79.866026821010095,10.286425408873887],[79.861059150374246,10.284342169589273],[79.849221090935799,10.281440043310319],[79.838486250233473,10.280349809785596],[79.837374831652113,10.280171410461895],[79.833927620518594,10.279405117626453],[79.819536007634923,10.277127596935641],[79.804565526811913,10.273042982223876],[79.797780783973636,10.271360961138273],[79.794810646509077,10.271314097952438],[79.791494374264644,10.272607392525783],[79.78849977456828,10.2752485937079],[79.787112625048408,10.279262064788005],[79.786012690564121,10.286421720317893],[79.785627495786045,10.289557916931386],[79.783936529993099,10.292221325845208],[79.777956445793208,10.29526153402705],[79.768963161282755,10.301850636272164],[79.762955856443739,10.307134843762453],[79.759274545673662,10.310664865175369],[79.752228058247752,10.312830108026374],[79.739164245385481,10.316242117729285],[79.737420167496708,10.317620252486035],[79.736633979179189,10.320213273967306],[79.736187412681048,10.320436709396631],[79.736169436413419,10.321564605617798],[79.735161727746657,10.323899400762391],[79.733889743317775,10.324663956686869],[79.733882075869076,10.325123644434401],[79.728647949478145,10.329926212535659],[79.72409351681074,10.328702005783038],[79.722215682434054,10.328857553776091],[79.718840673691489,10.329079678133052],[79.713441261815845,10.331320402871619],[79.71261832825229,10.331699977773503],[79.707607353335447,10.3311582977695],[79.705517061341254,10.3299968420243],[79.704122088059961,10.328845772428517],[79.703937183789321,10.32741239858068],[79.704029207553816,10.325663451543774],[79.713607158726859,10.321112870867399],[79.716950838776697,10.319507250094276],[79.719197431078172,10.317237862687451],[79.720364552535671,10.315688421886646],[79.723812718525664,10.310396404152984],[79.719276135678754,10.310762005633217],[79.717353240343684,10.31091514686466],[79.709022489601679,10.311797541469181],[79.706299887893906,10.312099159858544],[79.698718094592536,10.314236008632472],[79.692631932099374,10.316860051148236],[79.688141333319692,10.318814654274041],[79.679135670263861,10.324340242228352],[79.662644071194563,10.329861278392444],[79.647672147401707,10.334875231477929],[79.640456774943956,10.337272458935773],[79.637886208318861,10.338082257352394],[79.635957035168687,10.336991914552167],[79.634695588348251,10.336071437644096],[79.632776699356427,10.335393741689225],[79.628378382619317,10.331935493771416],[79.626911556877545,10.330783469282403],[79.624469259260735,10.326870533512045],[79.623115141364778,10.325949781518876],[79.622601435547509,10.325802668399248],[79.616289906583646,10.324016450991509],[79.612199438259395,10.321691138013167],[79.611425182529871,10.320780837160891],[79.611570011884666,10.319191333005524],[79.613397826868436,10.318299336714277],[79.631505902529298,10.315746164384228],[79.644766061390939,10.315398676115333],[79.648405630155622,10.316147689860445],[79.662646824502758,10.311858856715578],[79.672973167962979,10.310873891025411],[79.681020272960737,10.307360431850833],[79.691776666281925,10.300112349463369],[79.692801390991264,10.299551785866802],[79.699954712482821,10.295217062916816],[79.704789864043292,10.293704741209849],[79.722833209583868,10.289359775142081],[79.727025235026048,10.288827497009178],[79.727719870665311,10.289068748991118],[79.732478729208509,10.291633862646906],[79.73470470184273,10.295079823712797],[79.738066450259353,10.297852996217307],[79.742393502261407,10.299121016053137],[79.747443563520747,10.300031454572402],[79.748359575234957,10.299353695294483],[79.750253020793622,10.291502513304904],[79.750930839528181,10.291053023334179],[79.751029128991561,10.290521772291518],[79.751036775183906,10.290062146542073],[79.751247409601447,10.288750863414721],[79.753719439428124,10.287708052363987],[79.757326835237151,10.288658208932011],[79.760288282158214,10.288703601631397],[79.76260370967556,10.287850955904483],[79.765594592661898,10.286550997658766],[79.768257846524619,10.28479526592894],[79.769185070812469,10.2840568552945],[79.770301641817682,10.283843432166053],[79.772632020797104,10.282060209017837],[79.772647102040239,10.281136503761534],[79.773580928112153,10.280483273487036],[79.774496681836268,10.279830046908815],[79.774970509618541,10.278016970577948],[79.775434979575707,10.277793479504975],[79.776131899291471,10.276628714049682],[79.776383372793092,10.275111231567049],[79.774263937432735,10.273948755776752],[79.769364314407113,10.272880402696128],[79.761513565543041,10.273923472464809],[79.752835165792902,10.275637273561857],[79.741541639417576,10.277372718656226],[79.719881682776091,10.279863041107518],[79.706326068072698,10.283517256175553],[79.696939865422806,10.284244211308197],[79.69269239026417,10.285304570318544],[79.689518812662001,10.285992748346937],[79.67988469129493,10.289085764806098],[79.674535898880777,10.290407729947155],[79.674106247209806,10.290169065189767],[79.665515038879903,10.291483232816013],[79.662615924935295,10.290929314232224],[79.656858724846828,10.289729414421071],[79.651815451196043,10.290109538095928],[79.647607541169307,10.29142432085804],[79.64006846241503,10.293768732540309],[79.635470498874881,10.295214477178156],[79.634270953992186,10.29588852992609],[79.632681321199115,10.296783569648499],[79.6315920561007,10.296834572829109],[79.627704159608996,10.298571190121105],[79.624458569795095,10.299717423654306],[79.616643082535418,10.301802080686688],[79.611388243852332,10.302339405883544],[79.594438109978327,10.305081540827493],[79.593970070834231,10.304844787666093],[79.593277857982372,10.304600632902075],[79.578863707218957,10.305702286452799],[79.563962710258068,10.308180010473142],[79.552561622544289,10.307992150200594],[79.550725948764367,10.307730738747761],[79.547660207500556,10.306927216046923],[79.54540576324699,10.307325917813047],[79.544740273535083,10.308635542640175],[79.545049879745989,10.309513303772006],[79.54566235990211,10.311277775947683],[79.546903763606238,10.313927735207882],[79.550073188299493,10.317050269143971],[79.552576408800334,10.321036246676728],[79.554398764580569,10.327637155060692],[79.55628961700279,10.329860898196758],[79.561412797586243,10.33125820264517],[79.56547150868883,10.331232552747629],[79.576428776437879,10.329036502468437],[79.587748289661931,10.328300561324927],[79.59793519353336,10.327589663255644],[79.611155996575619,10.329604313081656],[79.613093772600337,10.330764499925882],[79.614797851561306,10.334527660345966],[79.61385141136607,10.336884299960124],[79.613073402977506,10.338925202203809],[79.612816537191748,10.340072726613856],[79.612348726310017,10.340502047118134],[79.609804039903452,10.342513445280572],[79.600123897006881,10.347819665561197],[79.598525452013291,10.347561739655735],[79.591818524487039,10.344432051587146],[79.587503257985574,10.343002254257723],[79.585953006301892,10.342562670824449],[79.581912354537423,10.3424970274278],[79.549552536000832,10.349245206698825],[79.546785601558568,10.351001417872824],[79.537258797635076,10.35425639380975],[79.532773061447472,10.355773545013349],[79.53006053007087,10.355403515101488],[79.526976666800351,10.354985128969309],[79.529459590963157,10.350900354831214],[79.530623094828613,10.349791786117379],[79.530815419968846,10.34917117834774],[79.531763047506601,10.348263769621655],[79.537874412380731,10.341425668802946],[79.530843814005905,10.343432233873596],[79.526994662653976,10.344336765204947],[79.523234031633805,10.345842514541944],[79.519418798005304,10.347392818282527],[79.507651755817534,10.353721939917435],[79.506743418315438,10.354357979459779],[79.50598265731935,10.354893587216297],[79.505013201014464,10.354874528185446],[79.50405821081803,10.353980826170048],[79.503757797736199,10.353098370016863],[79.503840065527527,10.350983759301593],[79.505134162382703,10.350153974273139],[79.50521524030502,10.349645158150611],[79.507309237423712,10.348089272352286],[79.507894739974446,10.347777316218275],[79.510955626625332,10.346283005688541],[79.527576289336963,10.339135739790132],[79.533098824769567,10.336276700861431],[79.534513194929545,10.33528564542487],[79.537267602684594,10.333164155653201],[79.537610362717686,10.33224807468943],[79.537841263823182,10.326810677579846],[79.537269746192706,10.326364801583463],[79.535819689813792,10.323828285746915],[79.528262224054416,10.317802607329224],[79.527929344409344,10.317128756873768],[79.522731863926225,10.313859915857364],[79.520475031977568,10.312923996171373],[79.519326317649671,10.311776500211074],[79.517945681384404,10.311567780008371],[79.514314433770011,10.311900743671732],[79.502547372663599,10.313941045575699],[79.493202686172282,10.316089928737911],[79.481762764240244,10.317053339582884],[79.473410753485453,10.318868205531652],[79.464315078867969,10.32084123508954],[79.453077565072036,10.32201166229094],[79.447800825890809,10.323722475248312],[79.438658547275907,10.324722727863895],[79.436774123110837,10.324760141922605],[79.422875630496605,10.324670832420063],[79.401618063701065,10.324787086823688],[79.395523773529305,10.323693888468037],[79.387941494040291,10.321605124944483],[79.382976062773835,10.318800766768623],[79.377467543954069,10.313912947994011],[79.373546471813214,10.307092345759532],[79.372262699508838,10.304534906522687],[79.36777844104833,10.299685151903619],[79.364830804217661,10.298068763596179],[79.359110419345257,10.298706846872831],[79.357939205252308,10.298827134819653],[79.353338194992759,10.300752583435644],[79.34901854359515,10.30204016506382],[79.353171272748142,10.290352275760522],[79.345892315424763,10.289767440236465],[79.342599214763226,10.289489929177041],[79.329141327166113,10.28609071823352],[79.327786170318277,10.285400451947901],[79.324858570874014,10.282606346931201],[79.323979960680376,10.281232214924238],[79.322450030295897,10.27691787267654],[79.317512300537345,10.271818225397544],[79.315725362444169,10.271038383808019],[79.309571087344423,10.26987193493369],[79.305475965657422,10.268002339144546],[79.304579511502709,10.267087716462415],[79.299005511415643,10.2644686093149],[79.29893990642438,10.261757768157292],[79.298791810478477,10.261499215537903],[79.296082462642261,10.256936970681393],[79.292507615450575,10.253025071185522],[79.281549583488854,10.244650668266054],[79.277087650175076,10.23996292160111],[79.275609705030149,10.238209092176438],[79.272829939155102,10.232626451005297],[79.272296887501682,10.231119573178923],[79.271951840803894,10.226109922297306],[79.273331351230439,10.225442265584054],[79.274006892645573,10.22522377392316],[79.274254777115615,10.224559292548236],[79.274499324119049,10.223666134858346],[79.277037513009489,10.222118878093351],[79.277886602467191,10.219850204474906],[79.27799406025008,10.213950996028132],[79.276107445631865,10.21032135577714],[79.270268950771666,10.204295591649293],[79.267634224690624,10.199707297499986],[79.261537299671303,10.193926647564025],[79.260189106235941,10.193007424921381],[79.258835194006011,10.192316757335341],[79.254066399316699,10.191310137891332],[79.250212097141244,10.188983561395185],[79.248657915912574,10.186005629033241],[79.247958684069076,10.185186100453604],[79.247403377538362,10.1849478553157],[79.242409711384852,10.178336545605564],[79.240182812948348,10.174723079416937],[79.238494946222588,10.168122801912288],[79.238713719661902,10.16201701808861],[79.238385250133149,10.160858839072821],[79.233461828827558,10.154871263550573],[79.231716129441779,10.14983755583332],[79.228833762415817,10.145037554254921],[79.228864588990007,10.140275808447599],[79.228914376794748,10.134133931701401],[79.232541726354668,10.129680926207602],[79.233151987217781,10.128099987659155],[79.233100771269648,10.12425012200951],[79.232559010823053,10.12241875914672],[79.231788348374224,10.121504879888324],[79.228052788068908,10.11325691910829],[79.226395105870594,10.103888962516619],[79.226321326322051,10.101699531898745],[79.226925666417785,10.0926019907675],[79.227749182917492,10.091694580873057],[79.228454836323351,10.091245847077611],[79.229830393515527,10.085759829419009],[79.230419083000541,10.085193957941637],[79.232681231207081,10.078386564418029],[79.232830270110441,10.076359883030758],[79.240862140218752,10.073551100720097],[79.245026119377812,10.07067215593475],[79.245621405008819,10.063419257314875],[79.246086041568489,10.063197722897257],[79.250925488926768,10.059894391035991],[79.250934742028775,10.059432977787528],[79.251640157895892,10.05898418803732],[79.251318695788157,10.057387520891227],[79.251340750258848,10.049896751039999],[79.254060355127336,10.048121248779534],[79.254310397834686,10.04743489755702],[79.255971837643429,10.046563262855633],[79.261716319274285,10.044635423176333],[79.262397997669396,10.043955749751058],[79.262443806714259,10.041698089477249],[79.26385217736123,10.040361405863456],[79.26342212276721,10.038764323978377],[79.263471601308112,10.035814548825831],[79.250579327874362,10.028787809566229],[79.245185202591315,10.024519256461359],[79.241908845211967,10.021928248714834],[79.233112321262595,10.01554922551756],[79.233121630265117,10.0150878968137],[79.227780059383235,10.010498882633591],[79.226144945783858,10.009524685508786],[79.224552281515841,10.008230430865739],[79.222317782403806,10.006959515415257],[79.220325700640117,10.0047738943361],[79.218064846900674,10.002580071178611],[79.217686166579242,9.997570201865061],[79.216561683170099,9.995429671931658],[79.21313669325265,9.991359427106131],[79.208067862841105,9.980386913802345],[79.201358640703603,9.972775720244218],[79.199575888354047,9.968893851723896],[79.195009396368192,9.9635810590043],[79.195056317855375,9.961321916108323],[79.194271594019582,9.960303083308579],[79.192944312968052,9.959357297937576],[79.190698285072926,9.958701867482125],[79.18621891034806,9.956775177745225],[79.182730573907605,9.954970509661493],[79.172129450548596,9.947450476077167],[79.168423679782777,9.944296313990048],[79.16697060675655,9.94291074087732],[79.163399880360089,9.937612301773676],[79.162939193095823,9.937605113893877],[79.162479015105049,9.937136656186599],[79.161985509843475,9.936573978639814],[79.161565469836205,9.935436340279562],[79.157356240815062,9.930474415527929],[79.15501831837868,9.924207134544583],[79.152197556145751,9.914934790793199],[79.1510166272882,9.910832903168219],[79.151054768498085,9.90901300898183],[79.147961564289091,9.907850475352825],[79.143936240036609,9.903675625291173],[79.125492754408725,9.888591030730588],[79.120842626116868,9.880575133347552],[79.119988452120623,9.877838845853042],[79.120602842366495,9.868098614977583],[79.121219239557334,9.866287095132778],[79.122515283541645,9.865157993552733],[79.12308902042021,9.857904772510388],[79.122796557860042,9.856309285051735],[79.120461969425421,9.851748860715697],[79.119752217090024,9.851551975046801],[79.119530622165342,9.850901512143812],[79.118769239549636,9.850659526094436],[79.118084383213713,9.85009350388367],[79.11766128628777,9.849186594479679],[79.114057330357284,9.846238793014175],[79.105186254767489,9.83897847878597],[79.101416509249731,9.83347127206752],[79.094665910536207,9.827262507553982],[79.090406077092666,9.823312052437291],[79.090298546970658,9.822848069085969],[79.087503328479826,9.819616401023749],[79.087057183603747,9.818478874758789],[79.08605311357843,9.817769699590874],[79.080980945761169,9.811152995582512],[79.080201152564513,9.809639596267369],[79.077592201586199,9.800140927098477],[79.074539734035213,9.793282462878834],[79.068949031830471,9.78615014357746],[79.066600901506533,9.784055930270679],[79.062275443392977,9.778097733695867],[79.057092378061341,9.773923897616676],[79.056540811692926,9.772758952040808],[79.056437192008644,9.772066855383258],[79.055746980798389,9.771386517523185],[79.045134930144357,9.766189445397067],[79.037266983748907,9.760605311670643],[79.028726182039208,9.752288894928274],[79.027281159854354,9.750231830426587],[79.026434642153845,9.749686847646348],[79.025287041448792,9.747683251540222],[79.025092852906141,9.744478103035929],[79.017728754866184,9.7377692502111],[79.01415875239968,9.732954653417881],[79.013598479353519,9.731814268126014],[79.011203760059161,9.729855770375618],[79.009407302938257,9.72781862155186],[78.991609231177748,9.712572968339215],[78.991135556292789,9.711965631663858],[78.989353056462036,9.709628709433662],[78.987564033844237,9.707267148323949],[78.9869277852913,9.705455171567476],[78.984853456738861,9.702029036396208],[78.982760589082375,9.697448601349134],[78.977104925051535,9.682794957720215],[78.975762531963866,9.676475551490309],[78.974243497177611,9.665057798596507],[78.973141769660756,9.663446229089077],[78.970674734605325,9.661142619432367],[78.969630921161539,9.659023779459897],[78.967185561608503,9.651970071216461],[78.965873788511416,9.649225364247068],[78.960934884309225,9.639610888598185],[78.960359002517421,9.639163878111084],[78.95845060564838,9.634862901734238],[78.957215391289864,9.631566500482689],[78.955728254538514,9.628219113080862],[78.954683686804245,9.625662106200267],[78.951254078311123,9.620826810376288],[78.950354051510033,9.620348308370389],[78.948701153331356,9.616006923462535],[78.944091777989286,9.611102528459305],[78.943032610601165,9.609330384705361],[78.942629038555239,9.608768359023644],[78.941338201868447,9.607247203719472],[78.93809893420007,9.604465973659552],[78.936201121723229,9.603069905980806],[78.935874058928761,9.601933837896093],[78.935547002628851,9.600797737769206],[78.932172827238958,9.59801543351406],[78.930892788023755,9.594810657374021],[78.925255224610112,9.586381294980237],[78.924546382612164,9.583348638338816],[78.923015681291673,9.578800585156907],[78.92276103385845,9.577642767964432],[78.920330873420014,9.572616280945473],[78.918784395522749,9.564609718081226],[78.91963432871033,9.548187009293043],[78.919696696877836,9.54740284154202],[78.919078071826576,9.543519606409665],[78.918756866431693,9.535252868024559],[78.918612477742613,9.531498619063857],[78.916432714994912,9.520435234853208],[78.915839192256172,9.513921821954222],[78.915606395589506,9.512581183610834],[78.915148411758636,9.510081039692679],[78.915172955117214,9.508952479606837],[78.915459035450894,9.499643352517706],[78.914706441334062,9.498269744945993],[78.907645683741151,9.496568369143839],[78.901475512415132,9.49214240555075],[78.90101632364194,9.492132149602464],[78.897988980466849,9.488894837383732],[78.8970647770482,9.486757757104334],[78.89455142752719,9.478616650955702],[78.895356490347325,9.47159894298721],[78.898888875978997,9.460090758715499],[78.900441363387998,9.456730713268465],[78.90079067068514,9.456391534382016],[78.903219692323631,9.45403717594653],[78.903703399755756,9.45291689783949],[78.904171457584511,9.452927212890636],[78.90430254986731,9.452282433765388],[78.904979041034451,9.45183403834039],[78.906037623195957,9.450009843073055],[78.90671388727236,9.449583776159818],[78.908916939329515,9.445589726135101],[78.910434582584728,9.442897644548038],[78.911052986869691,9.441802992967808],[78.911500324679096,9.441580762445939],[78.913806795221703,9.436988712558625],[78.918944917761479,9.431412868336036],[78.921299271018228,9.42668273852837],[78.927661232512051,9.419885008071683],[78.929264382640852,9.417401443180552],[78.929699416063414,9.416417204439188],[78.9373636279322,9.409273906174123],[78.938990818023285,9.407737813797807],[78.93900107092044,9.407275428397925],[78.941804010819482,9.403478210891862],[78.942260233372636,9.402355604624088],[78.944575671611005,9.400230329482421],[78.94504477843607,9.399780302282545],[78.94785365444676,9.397249845833603],[78.950638882973919,9.394556086247814],[78.950650115072804,9.393658091060509],[78.953259627964243,9.39158408515968],[78.953968864964054,9.390905700141207],[78.957449748691801,9.388112034214812],[78.957697630268797,9.387448111292009],[78.961919671077212,9.383283700985864],[78.963367483477896,9.38128154649408],[78.963901176858712,9.380300272607506],[78.969250186997542,9.37516558216171],[78.970414992389138,9.372466607672129],[78.974620973815561,9.368232728552414],[78.974631106099523,9.367770417740996],[78.974632229857264,9.367310275440913],[78.97696822725068,9.365301103882748],[78.978117847014346,9.364654872702491],[78.979269513631976,9.362185940868669],[78.980203761428498,9.361763809897909],[78.986394043359013,9.356436101480631],[78.987637534523117,9.354615598533421],[78.987647622819509,9.354153313433404],[78.99341761342626,9.349948223284262],[79.015187645536159,9.331535956617579],[79.016402311525127,9.328605207230028],[79.019170998122277,9.326605375608663],[79.019639513563831,9.326175330489072],[79.021709510565557,9.324391762469533],[79.022427875877611,9.32327555275401],[79.02634990537527,9.320305384847101],[79.026359863339124,9.319843164238351],[79.030710827058925,9.31660114188214],[79.033741671076896,9.315319830650134],[79.034220138488422,9.314407423431902],[79.043149862933461,9.307355069935232],[79.04339739946063,9.306666711693145],[79.043892569717414,9.306261354376753],[79.051804400762393,9.29997226728387],[79.054642455034198,9.298526280640559],[79.056682044275476,9.298126750879117],[79.060036414756055,9.296112427964283],[79.063303203506038,9.29474281874994],[79.069284156183414,9.294275279138747],[79.07196063404713,9.29443795499413],[79.073307897201019,9.295362312709106],[79.078055517820374,9.296809058513993],[79.080104827070059,9.297309156655853],[79.084893580258139,9.296266043164657],[79.09573071237152,9.290214684714032],[79.097775873081886,9.289604684976689],[79.098264547804348,9.289476045759766],[79.10144219133123,9.289304172314937],[79.110099385562023,9.290381476005535],[79.120981251404416,9.293068724305407],[79.128756396591143,9.290720621575558],[79.14772366898832,9.288111561044722],[79.148260352243582,9.287844599433807],[79.149567981284335,9.287222734796639],[79.153253617805788,9.285927306410393],[79.155291487321321,9.285734030322212],[79.156652226657968,9.28598999339119],[79.157996337086743,9.287143504732114],[79.158331576812287,9.287842193117445],[79.160734030260016,9.288336505622707],[79.170154665860423,9.288492434600638],[79.176092701052426,9.287953167609226],[79.177015442524507,9.288155026325695],[79.184077653973432,9.287583968520615],[79.18656212239334,9.287517859717351],[79.191667983320812,9.285856657634815],[79.188277348702314,9.280931482306954],[79.184252818301488,9.277974334192843],[79.180268946955906,9.278460470088518],[79.179429364556967,9.278652109567272],[79.17761054129069,9.278320037620841],[79.174402196545529,9.277662787455725],[79.160950422475466,9.276239647957629],[79.149566090527415,9.274957157221458],[79.129397028192514,9.268689955292922],[79.096284489485498,9.260505055699138],[79.093789172546764,9.259884077172524],[79.082409471497257,9.259214745990077],[79.067095250970652,9.261448081106565],[79.064599831389131,9.261194961370796],[79.055602899307829,9.261814113311059],[79.054701009599768,9.261569189581719],[79.049665647435816,9.262328193549807],[79.040829732519256,9.264358606377609],[79.031253162066704,9.265548363559494],[79.016160186920942,9.268699922955934],[78.999198991234309,9.273368505936693],[78.996699411110626,9.273368699369453],[78.987773654959284,9.275185394850009],[78.985499104159146,9.27514459550885],[78.984610168754088,9.274667070750059],[78.968406935333192,9.274159395844421],[78.965906700521685,9.274549830771628],[78.962044829250701,9.273949999271069],[78.941825261795174,9.270714730531109],[78.926209368904964,9.265211737866673],[78.915152771766884,9.258848988916606],[78.912523024117078,9.253358657625652],[78.908525907783002,9.24945646761357],[78.904894580629346,9.248236223498798],[78.893555834462205,9.250282664342119],[78.884717426039671,9.254683293138932],[78.877597759281997,9.256578546445724],[78.875774476460407,9.256084086670079],[78.869664797805427,9.25506872378492],[78.867624334306385,9.25503013206753],[78.856500093623879,9.251868675504603],[78.852224150943499,9.249275448004875],[78.846535712746771,9.247923206784243],[78.814854367202386,9.237479010351919],[78.809512840428866,9.235076695329612],[78.805175950097521,9.232934946355277],[78.794521449779666,9.228560617354567],[78.776655920650427,9.221971432555325],[78.765198487856523,9.21863959780819],[78.760095447092951,9.216628374764325],[78.744263609000669,9.211604671588761],[78.741319841215912,9.210643219012683],[78.730312000568759,9.209710205096274],[78.727224972888436,9.209450358202639],[78.724975408017698,9.208760476570708],[78.722948117895228,9.207108181276576],[78.721633068872023,9.203000094060378],[78.722258082381572,9.188925129688121],[78.720830425135958,9.187329688123231],[78.70696795960508,9.19091372757187],[78.694049666648382,9.194842255707043],[78.685963545922675,9.195381380549316],[78.6769066698035,9.194511449232245],[78.672887991778197,9.193748454768778],[78.668231759104245,9.191523954873722],[78.657705095951812,9.187469371141988],[78.651891105589641,9.1832759186768],[78.649918260539678,9.178902396739051],[78.645663279461914,9.17499150437988],[78.645222494905568,9.17272408387328],[78.645120429573709,9.167257070293479],[78.646061115751436,9.166605386036398],[78.647215351815618,9.165705795498335],[78.649356690481625,9.161436508102062],[78.650793128923766,9.160378886115545],[78.651592056895424,9.157420395617029],[78.650661498537417,9.155396202760929],[78.649927594645078,9.154873674060969],[78.6439861355651,9.155658356844935],[78.639992924187879,9.157724712925226],[78.630317596038779,9.156522376286839],[78.626018341184391,9.155192995100064],[78.620443258405743,9.153424836413377],[78.611074000290003,9.151074820346366],[78.600178476853856,9.147539689748271],[78.585553605470636,9.139297909772631],[78.585097749212224,9.138851490546333],[78.582106785338269,9.13660111857973],[78.580312059017359,9.133983313282949],[78.579128277740253,9.132023289135837],[78.575391946459433,9.128676367611924],[78.575286651277068,9.128213349629025],[78.574293933814928,9.12800922619218],[78.568775511436471,9.128777072067312],[78.560651796350868,9.131107164242586],[78.556978176851189,9.132832791313856],[78.556730655363992,9.133751944636472],[78.556057098795051,9.134175759907881],[78.548945662128915,9.135419822921991],[78.532312787594321,9.136197061572842],[78.528217499150685,9.136116654913305],[78.527385497601301,9.136007612957387],[78.511270381742989,9.133266224019454],[78.491448364034326,9.129068819290577],[78.484111372287273,9.131414099870096],[78.477295920274159,9.130586777860893],[78.476176111499512,9.130103858255879],[78.474164698667735,9.127571716196499],[78.466036498467759,9.124228139322454],[78.450784275941572,9.121652274710545],[78.435413156058871,9.117712214756146],[78.42229026910212,9.113391706331051],[78.397746993900213,9.099016379639391],[78.39127746674869,9.093858017624935],[78.390151802791138,9.092959428506191],[78.383500901182188,9.088974643494732],[78.37890187370995,9.086184408299932],[78.372794164893335,9.081678901418407],[78.370071398446157,9.080308902661237],[78.369811001514918,9.078574565195453],[78.360715120754492,9.072626447560527],[78.35620395339204,9.070274001880545],[78.347576638096868,9.064658623593942],[78.346920891016396,9.06259403155993],[78.343942976023797,9.057990295229652],[78.340646109811743,9.055317014957449],[78.338163832338523,9.054366556766782],[78.335864122125642,9.052407648997022],[78.335385300824029,9.052096390702118],[78.330930109921042,9.04946961194587],[78.321274048764707,9.044115368667521],[78.313077340410686,9.040261430677662],[78.309150817631931,9.038706647394894],[78.307923504718019,9.037201886596357],[78.307793179801493,9.034985223571873],[78.307691895372216,9.031296686580578],[78.307016463418691,9.02906688230579],[78.305250758841893,9.027555690808478],[78.30292880071481,9.026769489366329],[78.301663511155724,9.026743187261896],[78.299856047260846,9.027201119256295],[78.298074032745575,9.026671148273319],[78.297352347510213,9.026412646893393],[78.296658415076422,9.025166296271848],[78.29650439919628,9.024178535166014],[78.296883488584086,9.023449207153464],[78.296702520635819,9.023199432334696],[78.296348822332916,9.022947581239876],[78.295817928181123,9.022689140704205],[78.294737372784383,9.022421857069984],[78.293316575080752,9.021900640325184],[78.292236029643163,9.021633338522612],[78.291159222192249,9.02161144239485],[78.290236644863086,9.022191408584522],[78.286121615757025,9.02436787803817],[78.284969138107869,9.02411079496869],[78.283835173580883,9.02325833327051],[78.282065335337322,9.021561732100849],[78.278819348406813,9.014000963371485],[78.274793534451305,9.010760150355935],[78.272256624429559,9.011608062041944],[78.270870480792027,9.01247889415578],[78.270858055041828,9.012940446178018],[78.270151572393601,9.013824024804496],[78.268991337198941,9.014929590737966],[78.268760073002127,9.015847991047796],[78.268274434148793,9.017198211189479],[78.266875735181742,9.018530586977359],[78.266388320705332,9.018935068166417],[78.263616858446596,9.021854402948616],[78.263156449179888,9.022972991831063],[78.261760466303841,9.023174460068015],[78.261516295778463,9.023862957023395],[78.261503837738402,9.024324567566516],[78.2608347069567,9.024541630237785],[78.2594377975621,9.026079244964171],[78.258945604397411,9.026323032662594],[78.244824340232526,9.033298130775743],[78.242178162579165,9.03458146629503],[78.239205746672226,9.035211536349619],[78.233988808254097,9.033558360103548],[78.229144020353218,9.032121592816447],[78.228171312733522,9.031848448707875],[78.223523700192345,9.032742779611539],[78.221454100437981,9.034200232971012],[78.219818453866964,9.035941980709589],[78.219480899418357,9.037780332804356],[78.218508479425807,9.044538558434585],[78.216514173373469,9.045880952734336],[78.213415193112752,9.047961209910747],[78.21064040676886,9.040294597573924],[78.212223529728448,9.039866191915939],[78.214269488066989,9.03359014513835],[78.214640047750564,9.032512921823148],[78.216343699939983,9.028606134677002],[78.219544805486208,9.027102781958671],[78.223890080586571,9.026501466923037],[78.22848002008476,9.0290862494846],[78.232655368795037,9.030394252845454],[78.234428851869126,9.030871408909183],[78.239534288733935,9.030676159473028],[78.244922326496933,9.02834277778952],[78.245814863624958,9.027851926889392],[78.258227295763817,9.018582953317859],[78.261244650090262,9.015923254863049],[78.261370692567255,9.015166419638065],[78.261856621735134,9.014161951284086],[78.263248562243305,9.012829567380212],[78.265456489762926,9.010106425695014],[78.265665634378394,9.008980359753812],[78.265779944249374,9.008085118707848],[78.266457718292827,9.007890446216885],[78.266461162386193,9.007430987458504],[78.267164470514544,9.006984583468292],[78.268107972329361,9.002898845721015],[78.267830524325305,9.000841237772615],[78.266922010233557,8.999922377028554],[78.264197917616755,8.997422250228853],[78.258966537430027,8.994315893811205],[78.258634181264654,8.993618178216648],[78.258530034681925,8.993155233856157],[78.255155697237669,8.990827669422838],[78.245825401794178,8.985629711116358],[78.237378067487995,8.98091278765836],[78.236042874733741,8.979524591675334],[78.221255262228439,8.969119036686836],[78.217002821171121,8.965736116052737],[78.217011336341557,8.965067191039944],[78.212500271726768,8.961582800107458],[78.212217135474418,8.96109533815542],[78.209670856696917,8.956752616917253],[78.206518603069256,8.953503834890997],[78.203586739458416,8.947771494385023],[78.199688898759831,8.941311199901349],[78.198317881728755,8.937884391504014],[78.198091217725405,8.937373118616222],[78.197903113316428,8.936654977839693],[78.195099855065493,8.933528836424578],[78.194271012255513,8.931023215074946],[78.193368700995492,8.929872326135824],[78.191577365805188,8.92845145072142],[78.189996945790597,8.923209387363743],[78.18695695563936,8.915881913171084],[78.185753338385155,8.913596799594496],[78.184815997670384,8.903567618625821],[78.183017690838696,8.896497363887963],[78.176774716520342,8.889546297723664],[78.176835524532464,8.887975404819574],[78.17559515882671,8.886820263511433],[78.172119242573018,8.880384146436416],[78.172735123388804,8.872003645784664],[78.168944908324221,8.846949415684298],[78.168808647086422,8.841085715604549],[78.168582648930411,8.831284955766867],[78.167870016348374,8.824259749398642],[78.164858865193352,8.793090367883281],[78.165030821592936,8.790394024700085],[78.166166749656,8.77480632997519],[78.166201534092195,8.773516667104779],[78.166209209555987,8.771903543222226],[78.165415891549912,8.761323047817875],[78.165360428600692,8.758372402911565],[78.167424223601628,8.757953516109694],[78.16878181541459,8.758441176985277],[78.171220995082649,8.761005993651777],[78.172272438066173,8.764878613584594],[78.17281905687436,8.765558569062861],[78.175341990182758,8.766350883438463],[78.179028479302417,8.763613197912036],[78.180272121201043,8.762706739079674],[78.181078260930747,8.762721548435511],[78.182038194618613,8.762965606893806],[78.18322369329951,8.763261542180175],[78.189054469442183,8.76199937478213],[78.190071217836376,8.761834155670451],[78.192586581725024,8.762347521355524],[78.198207705802346,8.765186443435141],[78.199096372408903,8.766102346969639],[78.198190426798234,8.771756965885197],[78.196178912949435,8.77489760958156],[78.196011159998662,8.783057516607817],[78.196226482639261,8.783730986274866],[78.19780104683386,8.785838944587265],[78.198460581464701,8.786290768199303],[78.199331461318451,8.787901765639425],[78.200472822074644,8.787463926686387],[78.201251424762802,8.785446054751763],[78.202271837969789,8.783261904038852],[78.203605211854679,8.781297900406814],[78.203943517719821,8.780422026425279],[78.20430772236567,8.778220680035551],[78.204184757104954,8.776452138307949],[78.204524698777064,8.775796913765587],[78.204966107451611,8.774735194653564],[78.205684361938836,8.772696606007631],[78.20582420672801,8.768248765773153],[78.205921901178527,8.766915358841885],[78.205072445510169,8.765208995594319],[78.204287226888908,8.764087205713357],[78.203483479468957,8.763011981326562],[78.196762835542231,8.747446410110932],[78.19387534314869,8.744896549878941],[78.192514116465858,8.744868013195271],[78.189774043763549,8.745479137770936],[78.188498442607241,8.751126231780301],[78.188022316494511,8.751576866225721],[78.185059359136105,8.751746117461977],[78.18346381710333,8.751473899361542],[78.16988209060986,8.743474557647302],[78.164092894337585,8.732033206424919],[78.162798902050028,8.728592350649297],[78.162547424571471,8.72761999295453],[78.15987507610221,8.716266452840221],[78.158628068776764,8.714040441768809],[78.158904972803768,8.713754438074355],[78.157021970214345,8.710520013985255],[78.15218547217259,8.704943809862282],[78.150343729165328,8.703520854111352],[78.145757708857317,8.700542864943444],[78.144309688632873,8.699154025025011],[78.141040514949751,8.692950074441043],[78.140360947747197,8.690007654805298],[78.138867319230656,8.676555141880074],[78.135447901228574,8.666728338321402],[78.132805353040453,8.655742904319245],[78.131776990428577,8.651457939044821],[78.129842705076939,8.646642174072113],[78.128642617482782,8.644334806699087],[78.12780746273252,8.64118158232742],[78.126316158752232,8.635222798655564],[78.126936660705724,8.627971667135892],[78.12843369731533,8.622769747220971],[78.132026968680293,8.613552062257906],[78.132488601524017,8.61332883397001],[78.132934228950376,8.613132059920922],[78.133562766899928,8.610793511013084],[78.134149751399008,8.61022901616243],[78.135512477667433,8.604998964909784],[78.136096432969126,8.603650715173719],[78.1365579985614,8.603429671148183],[78.136808134738402,8.602789506714203],[78.137271930631954,8.60256852801937],[78.141819439212099,8.590810281823522],[78.141744702658841,8.584466408094043],[78.139092981361202,8.574424452127431],[78.139114662533828,8.573296036018263],[78.138555300041446,8.566064723844191],[78.134839812496693,8.552812913821123],[78.128616272665951,8.543895909294548],[78.124759805103892,8.536118808915647],[78.12410122390331,8.529517214028653],[78.124824663767129,8.523742037253955],[78.127007254636837,8.512671524712502],[78.127536034941272,8.511414373383278],[78.128006245937854,8.511193603059526],[78.129824863546148,8.505927439410712],[78.130467281132624,8.505366186954316],[78.133100073606457,8.498711048623834],[78.133007932590502,8.492365100698057],[78.131086431972051,8.48709004975346],[78.129094087534,8.484119611594886],[78.117267463885312,8.472918703241733],[78.105462657901754,8.463224086613764],[78.097648947197015,8.453179842965918],[78.0851118357361,8.439725493715361],[78.080465161090572,8.431948951443642],[78.076536242895031,8.428571727323128],[78.07108653026647,8.420762103517909],[78.067162035213514,8.416292538521105],[78.06493845850575,8.408551588305704],[78.062070305666751,8.392022103115099],[78.060598586716381,8.386496561775161],[78.059913061260957,8.380986370769497],[78.061555754993321,8.378820160557149],[78.065618678683748,8.376722668821385],[78.06805616872775,8.374571774039115],[78.067326691430978,8.371263285179765],[78.063356222168863,8.370072419586197],[78.053042653999668,8.364374872134929],[78.042180539418467,8.358831492619636],[78.040899041604547,8.358319997838295],[78.011002469266487,8.347823465451238],[77.992115192447343,8.341191712109033],[77.987335129003768,8.340189730661656],[77.976754332943898,8.335884549436694],[77.97588699548605,8.335331761153622],[77.974437680291871,8.334410359454704],[77.969764083034818,8.330084684322587],[77.962455803865154,8.323312714477863],[77.959488740874349,8.319605231360487],[77.958361048179825,8.318081280255845],[77.957725696288932,8.317860870130755],[77.957530757569998,8.317142001340937],[77.954300131706233,8.312692475893604],[77.947838732429815,8.305981397832888],[77.939980148367496,8.301271100182541],[77.922177811761017,8.294526963409549],[77.915037346262338,8.292213993964223],[77.909544779446335,8.290634315001041],[77.90316572530449,8.285495007942815],[77.902836547187192,8.284818653015007],[77.900727207975706,8.282721843147906],[77.899775801775647,8.282009588552295],[77.895340156188638,8.27578063536088],[77.894314818836634,8.275089484819356],[77.890184712460538,8.270688160818878],[77.884806215429194,8.267390823466069],[77.869524908212938,8.260718708153675],[77.862940826712446,8.258969816410261],[77.837674811507199,8.25184758471514],[77.822150029441602,8.248459317958991],[77.814430765119411,8.246163922676434],[77.809830531307625,8.243216224874995],[77.798640549190992,8.233737273261674],[77.786892060165414,8.22567172923101],[77.785440617489598,8.223479536760102],[77.785489618411077,8.221221994374586],[77.783836803541107,8.218926672948607],[77.783847751625203,8.21823335026747],[77.783861702761769,8.217773474737893],[77.784781080718574,8.213666955140337],[77.785693515708104,8.213247852708788],[77.787371649139658,8.208555409675753],[77.787305046536119,8.206271741460792],[77.787269500016365,8.205695534630497],[77.786909167249846,8.203080549991844],[77.785478585126228,8.201135650000111],[77.783906300707386,8.199973073973741],[77.780909835930061,8.196610089218833],[77.775554540070772,8.193309995069455],[77.7657746071867,8.192617956531937],[77.758722382688845,8.18819258643726],[77.757077574933874,8.186566373550706],[77.755542844052329,8.182659477283043],[77.755003537569664,8.182210884982991],[77.753779585569035,8.181053596635575],[77.753141974846358,8.17852554141394],[77.742380019909078,8.171696128218095],[77.734265682763564,8.167684090087993],[77.732908848898191,8.168835661336578],[77.71619791157076,8.16544897531927],[77.690910397811052,8.159588046638373],[77.676705900482588,8.187997041452549],[77.606784927756649,8.253256615663078],[77.588139335677781,8.299870597564997],[77.550848150459018,8.346484578734835],[77.499572769875257,8.416405551396311],[77.443635990808602,8.495649320742634],[77.392360611506305,8.565570292944704],[77.355069425916469,8.630829868555296],[77.313116842591185,8.696089443065254],[77.280487055429631,8.793978804486498],[77.266502861064041,8.854576980203927],[77.252518666275208,8.919836555215994],[77.247857268442559,8.971111934964435],[77.233873073854738,9.078324092775874],[77.229211675229863,9.157567861711588],[77.229211675067944,9.227488834552942],[77.229211675427408,9.288087010711552],[77.210566082454861,9.404621964976213],[77.168613499530124,9.502511326916334],[77.168613498901877,9.553786706674815],[77.168613498963893,9.698290049981342],[77.168613498684053,9.79151801425426],[77.196581888540365,9.866100384935029],[77.20590468464998,9.903391570175422],[77.215227480926146,9.940682755849181],[77.266502860580303,10.015265126265888],[77.280487055511713,10.094508895603429],[77.28514845442335,10.201721053559945],[77.285148454032054,10.266980628133846],[77.303794046808335,10.327578804242231],[77.345746630316995,10.467420749638109],[77.369053621517367,10.551325916757351],[77.378376418031607,10.644553880064842],[77.406344806446199,10.747104640478405],[77.39236061188204,10.872962390449949],[77.373715019822654,10.942883363234417],[77.359730824750599,11.01280433722131],[77.313116843552265,11.1293392912184],[77.289809852701708,11.171291874813027],[77.252518666887312,11.222567254149414],[77.233873074293925,11.241212847485803],[77.215227481591711,11.259858439479075],[77.103353924732076,11.353086403612901],[76.996141766526591,11.404361783401288],[76.902913803481098,11.441652968582677],[76.772394654803023,11.483605552365379],[76.669843894940385,11.53021953491084],[76.576615931206675,11.590817710907416],[76.446096782284826,11.656077284836771],[76.380837207467764,11.684045673811838],[76.324900429457117,11.721336859111517],[76.245656660511727,11.767950841538957],[76.157090094934219,11.823887619601333],[76.115137511865584,11.870501600931425],[75.970634167918291,11.973052360568424],[75.840115019207587,12.094248713644179],[75.807485232632743,12.145524093618302],[75.770194046987783,12.192138075709014],[75.667643287390931,12.317995825923772],[75.61636790737181,12.397239594783544],[75.546446934212582,12.462499169543502],[75.518478545011078,12.509113151619024],[75.467203164667353,12.602341115262911],[75.425250581554366,12.737521662160582],[75.341345414284561,12.896009199814115],[75.318038423757287,12.979914366961385],[75.299392831091268,13.063819533910911],[75.257440247635856,13.208322878588191],[75.201503469099492,13.343503425207318],[75.17353508020021,13.469361175771326],[75.145566691034233,13.562589139116783],[75.122259700666888,13.651155704701448],[75.089629913180502,13.758367863032269],[75.057000126147997,13.842273029803696],[75.043015931178417,13.926178197462324],[74.99174055191574,14.010083364371809],[74.973094959076576,14.052035948237496],[74.912496782236545,14.140602513339953],[74.875205596988891,14.187216495562231],[74.865882800614003,14.238491874779104],[74.842575810074607,14.303751449273586],[74.833253013693692,14.355026829374669],[74.795961828406675,14.448254792885868],[74.749347846539592,14.606742331454026],[74.707395263391774,14.685986100786151],[74.651458484848433,14.7745526656979],[74.600183105195796,14.830489443787149],[74.530262132634562,14.909733212095052],[74.492970947297763,14.965669990415329],[74.465002557815524,15.026268167021671],[74.432372771271858,15.133480324955871],[74.399742984106197,15.231369687066085],[74.385758788851419,15.380534429028449],[74.376435992543477,15.487746586962741],[74.38109739065726,15.557667558921086],[74.395081585243233,15.613604336817975],[74.404404382093375,15.68818670760548],[74.432372770739747,15.77675327318534],[74.474325354235717,15.865319838224558],[74.567553317689161,15.939902208937285],[74.646797087369606,16.005161783822164],[74.726040856651892,16.084405552968843],[74.777316235994746,16.154326525764741],[74.837914412260886,16.214924702156079],[74.959110765312857,16.359428045549226],[75.164212284681184,16.587836555920671],[75.280747239574708,16.690387315619812],[75.35999100848781,16.755646890131491],[75.443896175404674,16.872181844162427],[75.53712413911785,16.951425613265908],[75.621029306088019,17.035330779848636],[75.690950278970476,17.091267558578089],[75.788839640605488,17.203141114295526],[75.835453621763136,17.26840068929328],[75.956649975726279,17.384935643697851],[76.0265709478861,17.426888227378129],[76.077846327873644,17.478163607038869],[76.096491920785539,17.524777589305653],[76.213026874676927,17.622666950824438],[76.301156433926749,17.722158667411019],[76.364085309024603,17.808685871678911],[76.419148075311369,17.900457148104024],[76.450612512955203,17.947653804123753],[76.474210840619776,17.992228423897217],[76.489943059347482,18.057779336170675],[76.500431205531285,18.141684503290374],[76.505675278118645,18.209857451461019],[76.505675278594097,18.312116874380703],[76.453234549460916,18.406510187834016],[76.379817527485855,18.534989975060604],[76.319510688708846,18.579564594230693],[76.285424215354567,18.611029032241227],[76.243471631454,18.642493469809075],[76.159566464051707,18.684446053763391],[76.112369807665843,18.713288454451412],[76.049440932098648,18.749996965465243],[75.905228926699536,18.852256387913599],[75.831811905873323,18.902075080713704],[75.729552483142683,18.954515810269573],[75.650891388610461,19.001712466499011],[75.580096404264907,19.051531160640391],[75.522411601893893,19.093483744236593],[75.467348835872045,19.127570217934537],[75.380821632150571,19.206231311736687],[75.315270720731874,19.290136479456013],[75.27331813750007,19.347821281977488],[75.22874351689363,19.395017937881907],[75.18154685932933,19.439592557800243],[75.118617984097838,19.505143469951854],[75.055689109551082,19.560206235662207],[75.02160263493532,19.604780855811928],[74.971783942224206,19.691308059104479],[74.953429686723595,19.725394533354972],[74.950807650733452,19.76734711703762],[74.929831358453526,19.817165809666736],[74.91409913918271,19.877472649914804],[74.903610994012539,19.916803196257757],[74.874768592957565,19.995464290914203],[74.869524519440816,20.034794837975667],[74.86952451998205,20.066259275751236],[74.872146556055498,20.137054259893429],[74.869524520853261,20.283888302845124],[74.869524520898551,20.336329031576547],[74.90098895845442,20.517249548572543],[74.937697468707711,20.577556387618596],[74.961295796783631,20.614264898165381],[74.990138197811362,20.679815809945723],[75.029468745284106,20.721768393567725],[75.068799291957276,20.750610794012321],[75.113373912080064,20.78994134164455],[75.155326496282427,20.845004107593251],[75.218255371381602,20.913177055877316],[75.296916465779603,20.973483894730439],[75.354601267362739,20.9918381500888],[75.435884397855929,20.991838149761339],[75.580096404124788,20.997082222554578],[75.692843972410856,20.997082222794404],[75.784615249454532,21.018058514531639],[75.897362817895996,21.018058514015234],[76.038952787671192,21.018058514623817],[76.133346100488396,21.018058514233605],[76.298534398026845,21.023302587640245],[76.408659929687715,21.015436477551372],[76.510919352503024,21.007570368175749],[76.62628895737555,20.965617784610348],[76.715438197127341,20.95250760280701],[76.788855218170326,20.944641493169343],[76.927823151397078,20.944641493268971],[77.030082574295932,20.942019457247557],[77.148074216036377,20.942019456454613],[77.234601419409003,20.968239821158541],[77.412899899431224,20.999704258781257],[77.504671175952211,21.020680550730201],[77.614796707944436,21.044278879044537],[77.693457801863929,21.070499243581231],[77.738032422007478,21.091475535449717],[77.863890171839884,21.172758666172744],[78.023834397172536,21.269774015806671],[78.094629381445046,21.330080854904896],[78.170668440026972,21.406119912260827],[78.238841388125039,21.484781006047033],[78.280793972154314,21.54246580886857],[78.409273758742117,21.66045744975591],[78.579706129515046,21.77582705486352],[78.72391813576148,21.90692887915521],[78.813067376086678,22.009188301323555],[78.883862360494106,22.061629031060953],[78.962523454762973,22.114069760493436],[79.030696403012186,22.161266416950042],[79.148688043734012,22.276636021887949],[79.243081356505385,22.360541188232212],[79.342718743937411,22.415603954690205],[79.468576494822855,22.489020975525065],[79.602300354589374,22.54932781472839],[79.746512359979462,22.622744835817389],[79.864504001938755,22.675185564895997],[79.919566767117601,22.727626294488026],[80.003471934784585,22.769578877979193],[80.087377101089743,22.832507753677426],[80.184392451299999,22.871838300133245],[80.265675581870511,22.911168847062509],[80.412509623974003,22.971475686435586],[80.491170718266076,23.010806233279183],[80.577697921545479,23.034404561954322],[80.695689562972916,23.076357144881229],[80.829413423754488,23.105199546486059],[80.973625430131179,23.139286020384294],[81.10210521665914,23.155018239228209],[81.206986675408231,23.162884348738913],[81.330222389539614,23.162884348518403],[81.45608013987902,23.157640275696721],[81.631756583526993,23.126175837636787],[81.720905824061148,23.094711400245536],[81.810055064278345,23.063246962569465],[82.00670779932075,22.958365503737877],[82.150919804729753,22.884948482564752],[82.29513181229062,22.806287388564233],[82.418367526520541,22.714516112340402],[82.536359167243475,22.627988908861138],[82.612398224545984,22.538839668127224],[82.704169501572053,22.489020975299614],[82.80380688713295,22.386761553360017],[82.940152783779993,22.274013985342165],[83.026679987730589,22.211085109929794],[83.131561446205694,22.111447723318346],[83.212844577238386,22.019676447545528],[83.30199381720837,21.935771279934524],[83.417363422915443,21.828267784519653],[83.485536370880808,21.731252435278225],[83.561575428402975,21.694543924746668],[83.640236522285051,21.655213377878397],[83.729385762419213,21.600150611501981],[83.844755366833141,21.516245444504811],[83.952258862168677,21.432340277399327],[84.067628467299372,21.36154529282657],[84.141045488335919,21.29337234463987]]],[[[79.327151311272601,9.296510002080852],[79.323093827492414,9.287585362476165],[79.323007094613033,9.285992832033138],[79.321553718580049,9.284378125327265],[79.317261700307668,9.282207229459274],[79.316243277120549,9.280389165279024],[79.316009296867279,9.278588318845346],[79.316570518037025,9.276442970014172],[79.317391187639203,9.27502009198194],[79.318773484573356,9.274115740203543],[79.320067840030234,9.271880176535921],[79.321923074810684,9.270319363320345],[79.322393755136446,9.268738540334994],[79.323331973001288,9.268086585745259],[79.323799762533611,9.267564117124065],[79.327063266374267,9.262457634206456],[79.327551842832534,9.260874700685154],[79.328723622161476,9.260248385555897],[79.329196545075618,9.258645304196181],[79.331054847136187,9.256854493334769],[79.332454532918632,9.25508163437665],[79.33269712110777,9.254162930401566],[79.335037164439001,9.251715749312812],[79.335480868259594,9.251514665295987],[79.335621165962849,9.250365515448918],[79.336193926323332,9.249015233498863],[79.337457957195056,9.248800095662322],[79.338758597366066,9.247031235571416],[79.339229264866034,9.246348012484845],[79.343384582552915,9.24300727152435],[79.343869652073423,9.242118724557011],[79.343878556328463,9.241656636601157],[79.344547051933063,9.241436491272074],[79.346155485401013,9.239644461767345],[79.3464013078422,9.238978087300291],[79.347348059919199,9.237866169685086],[79.347797369504789,9.237412810416439],[79.354334465051366,9.231580227724532],[79.354526082403112,9.230960469366206],[79.354534940484214,9.23050063408972],[79.360076560350265,9.226516313347187],[79.364572969368979,9.223527242119467],[79.377151862136301,9.213879087962692],[79.387553216993851,9.207028980551435],[79.402255192072502,9.195064800224671],[79.404673984101422,9.193124150407964],[79.405776343660264,9.192222522011905],[79.410156044432043,9.189254307564777],[79.416574628463366,9.183740991155178],[79.416813339446847,9.183052282447024],[79.419124177407326,9.181041818497878],[79.419477843869885,9.180264320498665],[79.420961802294698,9.178837493720444],[79.421554618055183,9.178339952366638],[79.422948149048196,9.175412882138787],[79.425956488349286,9.17251468680524],[79.426913016836835,9.169855926868689],[79.42563583883927,9.168002788108806],[79.424302150684085,9.166789955362738],[79.42307558272789,9.167923210736122],[79.422614227885276,9.168144497714648],[79.421687512910339,9.17064265649234],[79.420744965104973,9.171524828302161],[79.420044645296159,9.171950496186753],[79.418893243385696,9.174443295964979],[79.417512893690898,9.175272361599715],[79.417270537532261,9.17575343860401],[79.405138654888233,9.181053062047734],[79.400727637248266,9.182980751599304],[79.396475806994289,9.185467045205174],[79.388283774638253,9.190489716977632],[79.382606287875092,9.194723922750839],[79.372583574874838,9.202456728679556],[79.366144646831486,9.206425960407298],[79.365446232811863,9.20685143132434],[79.361884978802777,9.208377910070357],[79.359222498113326,9.210845929338172],[79.357518550690514,9.211532455744267],[79.357509656531334,9.211994484039792],[79.354385780852226,9.214612178545922],[79.353465926972376,9.215286580913817],[79.347929956303545,9.218120829434728],[79.339620759801946,9.224337467978675],[79.339611854019637,9.224797290220648],[79.337864688661654,9.226010257995744],[79.331118258231157,9.231358767678001],[79.325973878938569,9.234310299892304],[79.317042329907892,9.237797134889439],[79.313809033110459,9.239998433596325],[79.313164942235218,9.240278868033208],[79.312658242541005,9.240495185863308],[79.308993620016125,9.242636260118807],[79.283959065198829,9.253536762800499],[79.278870848219,9.255705689405135],[79.27290026353252,9.258090991055854],[79.262401751983191,9.261111273190224],[79.258694703515857,9.261252684336323],[79.239636979965155,9.260475297881477],[79.236622274741748,9.261012797644108],[79.235309829402468,9.260987876394053],[79.233716169512746,9.2601866689094],[79.228737598225237,9.257768418153031],[79.227610995476283,9.257056754699059],[79.226013990860167,9.257282494478044],[79.221434397795605,9.258329100848044],[79.219834283207703,9.258302456998628],[79.217402614337274,9.26711294776336],[79.214556394747135,9.273632734148652],[79.207860114430829,9.277616913919804],[79.205558292169599,9.278012683381293],[79.205580416842466,9.283224477431514],[79.206127507541538,9.285054118761364],[79.208345738429983,9.287931440409354],[79.208680978422777,9.288283874749911],[79.2105863956089,9.289239060623331],[79.224193723418239,9.293331361537064],[79.225357160450017,9.293121128826403],[79.233094983001976,9.294389113951409],[79.24185663993039,9.293853392169227],[79.247233757785921,9.293511336912536],[79.25482682903484,9.292030722463092],[79.260234268699364,9.29145835697479],[79.264325241367246,9.29199099746234],[79.270708783403876,9.293488837361087],[79.275869255999268,9.297199840866428],[79.276761558769664,9.298113251155831],[79.279809735950664,9.299062206836581],[79.279778760937688,9.301581018221524],[79.281671505196783,9.305578988460475],[79.282076551621387,9.3063916882925],[79.283979321796508,9.308455822810457],[79.285207789380678,9.309605415855424],[79.286319088965442,9.31257673706576],[79.289234779611434,9.314887145437812],[79.289324637001272,9.315349906373669],[79.289864020341724,9.316281622161677],[79.298013793812274,9.320067406379593],[79.311381109211197,9.323324328113223],[79.3154580173765,9.324663971602927],[79.316819438286416,9.324916206845334],[79.317733458536651,9.324239426106985],[79.321436317315701,9.32343085239755],[79.324646857767249,9.321203929003351],[79.331614562999832,9.314733631504039],[79.332558648401005,9.313849244778114],[79.333241992753727,9.312939041926541],[79.33365013850333,9.309856906295447],[79.333961838123585,9.303893557463862],[79.333628919173677,9.302987579846484],[79.327151311272601,9.296510002080852]]],[[[78.939296741825942,9.187384450837099],[78.939322269484194,9.185793180295617],[78.939795722357445,9.185571266402397],[78.940054834915955,9.183986215585787],[78.939841694609726,9.183058348202126],[78.938495372550889,9.181675565655681],[78.936028149952136,9.180291100153493],[78.931838264648547,9.179172618790792],[78.9224459562123,9.177478881986319],[78.921497165887516,9.17729756540718],[78.920839928969443,9.176596186805579],[78.918569647590147,9.175630300712477],[78.90509894730512,9.176761224248111],[78.904495353049285,9.178109132996862],[78.904565714395247,9.180602813287605],[78.907935798936521,9.183409921803303],[78.912871802713482,9.185345097079027],[78.917387950457325,9.186399700027863],[78.918535259183201,9.186189728454464],[78.92211397649055,9.186462509882933],[78.927920724455973,9.186502068712855],[78.937226720160751,9.188705966151678],[78.939296741825942,9.187384450837099]]],[[[79.087290689435349,9.192831575184497],[79.085490585134778,9.191206145538747],[79.081171046133036,9.191821061883758],[79.0745910287703,9.194537187341879],[79.0699753800709,9.196413235569626],[79.063267112423645,9.198757466668832],[79.062349933652911,9.199177760993466],[79.062195522600206,9.201435725557019],[79.062292666464444,9.202358247694338],[79.063170897979774,9.203734645162525],[79.065405191294701,9.205597667120859],[79.06676346962476,9.206082061344961],[79.071083396458448,9.206161773082515],[79.075718436249673,9.203781252333371],[79.079124636170121,9.20204222704916],[79.086263927960104,9.199382985207846],[79.087413180649037,9.198506444560717],[79.088354279516665,9.197854023741584],[79.088041184387407,9.195566290972598],[79.087290689435349,9.192831575184497]]],[[[78.576560797873711,9.09920655818361],[78.571594066286195,9.097724143057112],[78.56721874103954,9.099230708705052],[78.567067905634204,9.100588024312241],[78.567356752234105,9.102416158631147],[78.571279715147242,9.106527924107167],[78.572836408946372,9.10865672830155],[78.575871046399598,9.110514717561509],[78.581999104627187,9.111995335419486],[78.582594117586012,9.11110649886988],[78.584395477525916,9.107268672713174],[78.583933728127448,9.105193358345575],[78.582872055321545,9.103388770983097],[78.576560797873711,9.09920655818361]]],[[[79.467109287188151,9.125109711038101],[79.465779596163657,9.124627200038068],[79.462693309676851,9.124919019017165],[79.45800883859512,9.125646460026548],[79.456863321394181,9.12631598510619],[79.456569486688835,9.129699970893448],[79.457244559520888,9.131072702216928],[79.462326610249619,9.13270542254479],[79.465596760530332,9.133706360829333],[79.466970432120803,9.133269690592634],[79.468376637563807,9.131956144053506],[79.468743811665576,9.131062695372703],[79.468922924565121,9.127653667665182],[79.467109287188151,9.125109711038101]]],[[[79.133463469922475,9.210246587293813],[79.132316905900694,9.209996289467499],[79.128226999316809,9.210475664332321],[79.127046673919352,9.210593412583471],[79.122225209540829,9.213432173104968],[79.122215576431387,9.213894190877445],[79.121751489824732,9.214092219808137],[79.121602222716618,9.215680704051742],[79.121709427609787,9.216143449942209],[79.122159854177013,9.217050361478053],[79.126896949926817,9.218751621502403],[79.129360342299222,9.21826671463802],[79.134732004880746,9.215480166591204],[79.135465245053751,9.212082588724595],[79.134819770056708,9.210732592316155],[79.133463469922475,9.210246587293813]]],[[[78.968374608690951,9.181007752664554],[78.967676971486995,9.1808799131267],[78.966307416812811,9.181084231299568],[78.96262578557635,9.182584043855369],[78.962229980639563,9.185067632125691],[78.962096828795126,9.185756366999913],[78.962976664756638,9.18828505238624],[78.963780338782087,9.188969456026861],[78.966992854600775,9.190481722161225],[78.968852236908347,9.190883636813313],[78.972794031840479,9.188238203569885],[78.973135510901116,9.18732104334183],[78.973349618856076,9.183244645256238],[78.968374608690951,9.181007752664554]]],[[[78.496701177841373,9.084713750376403],[78.495370265641455,9.081553708775095],[78.49240862862473,9.08391403017003],[78.488678532582725,9.086538316592771],[78.488320684468917,9.088283726136265],[78.487638426350017,9.092214530332182],[78.488082138938978,9.093122940657214],[78.490325447171955,9.094320463190032],[78.492145520944817,9.094795003699428],[78.494215729382034,9.093935661684119],[78.494923457949071,9.093258215924953],[78.495153065219,9.092363702821588],[78.495879398233356,9.090579715061216],[78.496529208859727,9.089439771381496],[78.496835635508731,9.088291730111214],[78.496701177841373,9.084713750376403]]],[[[78.829128165482686,9.170996204835165],[78.829280702308665,9.169408334801417],[78.828100187300777,9.165535162017971],[78.824760533678727,9.162289159873342],[78.824310537730597,9.161843522852594],[78.822243408459514,9.161134492531414],[78.81905142742815,9.161973910997336],[78.818349125495928,9.162421120085931],[78.818078229541626,9.164445394897765],[78.820049902225051,9.169026040609998],[78.822985356477076,9.170396278821613],[78.824399928522652,9.170191532528607],[78.826176623267457,9.170732975513475],[78.826754378262933,9.170675262872368],[78.828452824769727,9.171443704031885],[78.829128165482686,9.170996204835165]]],[[[79.436900593945651,9.146629920919372],[79.433182055528036,9.146525853272344],[79.430512526269709,9.14802375723507],[79.429363211178625,9.149547821257681],[79.429384060724743,9.153243568307781],[79.43287358273686,9.154489457410088],[79.437676640936004,9.155265142713928],[79.439059232625425,9.154366782404797],[79.439688229061375,9.149834488372967],[79.438482389121987,9.147555650607412],[79.437802436254444,9.146874524751762],[79.436900593945651,9.146629920919372]]],[[[79.477076577059449,9.114311274942704],[79.474445298055358,9.114268058458428],[79.472908341821494,9.115784122925465],[79.471750768110851,9.117310515202817],[79.472457573378605,9.120419216991081],[79.476541241277829,9.123578414588255],[79.47955883347683,9.123629665544181],[79.480332440035397,9.122097301374717],[79.481140941121069,9.119016507268475],[79.479688567056044,9.115902903487173],[79.477076577059449,9.114311274942704]]],[[[78.216853868147737,8.830715164518294],[78.215051005722657,8.829756380974548],[78.214141027128917,8.829945491493447],[78.213925546913174,8.829271947891208],[78.210665774738317,8.830449916863724],[78.209430863892948,8.831693558415592],[78.209676900773857,8.836816140711832],[78.210214988249177,8.837496053252039],[78.210310262341167,8.838284012958507],[78.212579534185991,8.839228729887486],[78.218107050753787,8.835431391350239],[78.21753972200608,8.833520878492612],[78.217307520509578,8.83116439408173],[78.216853868147737,8.830715164518294]]],[[[78.254947628846111,8.944522234788872],[78.252364730694381,8.944468116952349],[78.251690241443001,8.946221350599103],[78.251029111020628,8.947082848475267],[78.2516149553026,8.949739185846635],[78.252853338738646,8.952405825948791],[78.254766078148975,8.953334735779714],[78.256685432069759,8.953373962783848],[78.25933046188436,8.950786340359812],[78.260004850271685,8.949035227422383],[78.258766388218902,8.946366459601897],[78.256875825731001,8.944561568104174],[78.254947628846111,8.944522234788872]]],[[[78.191880966065213,8.727295837164791],[78.189964696546426,8.727257998463994],[78.188005814092776,8.728092868806064],[78.186677840096095,8.729831309762712],[78.186623523976166,8.732472760204953],[78.187229763279447,8.734251618308633],[78.188503456133517,8.735154582818414],[78.190415043207963,8.736083503619865],[78.192985156816761,8.736136360528803],[78.194342516105905,8.732633770137072],[78.194396685941655,8.729992314847715],[78.191880966065213,8.727295837164791]]],[[[78.233287978472788,8.860779233710419],[78.231055433734255,8.859373826730653],[78.228460295798016,8.859526409339118],[78.228313318324382,8.859983740958061],[78.227910707107284,8.861336206394485],[78.227015691135506,8.86652986660366],[78.227456655431212,8.867462664960291],[78.228138404033004,8.868144395682206],[78.232204483365706,8.869381089268616],[78.234087479913896,8.866700659683165],[78.233993567783131,8.863837362347173],[78.233287978472788,8.860779233710419]]],[[[78.709581534899755,9.173786427735442],[78.70756025941985,9.173745710761663],[78.705029541878233,9.17438327169905],[78.70398397209847,9.176438291856599],[78.704414850255702,9.179884030242675],[78.705884824320933,9.18197769097323],[78.709413279058111,9.182045578740947],[78.71197025458082,9.180030975618758],[78.712024756007338,9.177279400837111],[78.711066809633621,9.175194926289194],[78.709581534899755,9.173786427735442]]],[[[78.539381364821111,9.101425591900316],[78.538035398928059,9.100244760994959],[78.536899423213384,9.100453921554998],[78.533700459883448,9.10085151906117],[78.533304762663249,9.104118518865491],[78.533139101966654,9.105359676238333],[78.533789505575044,9.106711903567325],[78.536748945712233,9.110555901099058],[78.539286210263057,9.108181091574838],[78.540319607499427,9.106402189296084],[78.539925151266331,9.104180168636233],[78.539381364821111,9.101425591900316]]],[[[78.76222632820172,9.156349336062823],[78.759969707748354,9.154506233376894],[78.756067899495989,9.155331310481287],[78.755390153420564,9.155526218435343],[78.754783003028791,9.156873347027732],[78.754838032989312,9.158766417100532],[78.755737415805243,9.161434666763363],[78.756535031050632,9.161912569320844],[78.759136358540957,9.162883900799544],[78.759807598444723,9.162666606280899],[78.761661110757146,9.161341466503576],[78.76217270311551,9.159114064756801],[78.762530529632031,9.157253633307288],[78.76222632820172,9.156349336062823]]],[[[78.70539462448852,9.155794934743877],[78.702879604376918,9.155745182748246],[78.700316187885491,9.157761580987737],[78.699277203883256,9.159113452596571],[78.699740841046648,9.161188872507974],[78.700722838836953,9.162588328306017],[78.702728542380001,9.163323114204774],[78.704740671840653,9.163361584360644],[78.706265204282928,9.162694808141671],[78.70680751911118,9.16063972913601],[78.707358832170087,9.158584784962777],[78.706394312509772,9.156500384254644],[78.70539462448852,9.155794934743877]]],[[[79.212005549643905,9.243222263284219],[79.208728162080561,9.242563269949011],[79.20689998858893,9.242762945809925],[79.206957419610291,9.245714732592456],[79.211446634390697,9.248284943070251],[79.215233126725707,9.249158831396343],[79.218689456167013,9.247583821565753],[79.216213413096199,9.24507184614931],[79.212005549643905,9.243222263284219]]],[[[79.486974653129835,9.110328829491975],[79.485376452090691,9.110231569801199],[79.482865446499872,9.111088187178494],[79.482495239089289,9.112233722121085],[79.482578422074212,9.114032453849347],[79.48268669523209,9.114496952917834],[79.484510280128333,9.114987807739892],[79.486139736885988,9.115754608795928],[79.490479098195777,9.11781194941269],[79.491178977340539,9.117363732651924],[79.491543724548961,9.116470272969272],[79.491243864316374,9.113720206693564],[79.491024885218636,9.112817939887973],[79.488791799929004,9.110728130138131],[79.486974653129835,9.110328829491975]]],[[[79.187454732443186,9.231014713698917],[79.18614256420625,9.230991571137805],[79.184538745514246,9.232040561457886],[79.183975679470677,9.234184980050879],[79.183956042801682,9.23562703869872],[79.185224272495091,9.237804333318184],[79.186784180036383,9.238911719454535],[79.18863330614343,9.238587439412555],[79.189967506789088,9.237532371381846],[79.190510797235646,9.236463858307253],[79.190552476991769,9.234305262085293],[79.189275239364505,9.232123533605948],[79.187454732443186,9.231014713698917]]],[[[79.180699970933958,9.240600224956726],[79.179387677109759,9.240577018731559],[79.177536258188482,9.240901167950687],[79.176725607714147,9.242327520034085],[79.176957579089262,9.24376666224647],[79.177459205619755,9.245216301528624],[79.178497819463104,9.246311828212901],[79.179788076567789,9.247415500834615],[79.180579065253028,9.247428998726443],[79.182145516009626,9.247813124771429],[79.183203744245347,9.24747541473487],[79.18401677847838,9.246410664681667],[79.18429944300253,9.245338403095131],[79.183804356872201,9.243531633992573],[79.182520499345387,9.241711371558269],[79.180699970933958,9.240600224956726]]],[[[79.199056780227593,9.229424232664583],[79.197483949413211,9.229397491276881],[79.196425879474418,9.229737514016236],[79.195584574895264,9.232237589595501],[79.195810371894254,9.234397684860021],[79.197103084983723,9.235860604554656],[79.197348359529357,9.236587544506836],[79.19864750843017,9.237324944026438],[79.199968757893913,9.23734802238828],[79.201563537974494,9.236298783216897],[79.201859141858677,9.234505521456796],[79.201887539547599,9.233070176140586],[79.201131382420201,9.230902653799035],[79.200101737848854,9.229805185372415],[79.199056780227593,9.229424232664583]]],[[[78.732936472316396,9.14965416243365],[78.730646710220995,9.149539965652179],[78.728171700871556,9.149792277868329],[78.727022449491201,9.150462657166779],[78.726972891986478,9.152950619080828],[78.727413959886931,9.154090557482384],[78.728413908716959,9.154778003973032],[78.73032231172995,9.155346370362757],[78.731940055277818,9.155769251051774],[78.734446842525543,9.154247260086992],[78.734809941519458,9.153333219218846],[78.734284776885744,9.150808859317305],[78.732936472316396,9.14965416243365]]],[[[78.698861965117658,9.146276943557535],[78.697289458177593,9.145115408011735],[78.6947527251683,9.145966914842527],[78.694471299147423,9.14845045700331],[78.694319581134224,9.150270173925916],[78.694749354770309,9.151869834086069],[78.695528735837939,9.152345664888072],[78.696458297960476,9.15213328605625],[78.698085351412089,9.15057483543727],[78.698783618064539,9.150355821870788],[78.698818496719397,9.148535064350574],[78.698861965117658,9.146276943557535]]]]}}
]
}
